"Time_Iter","Outer_Iter","Inner_Iter",       "CD"       ,       "CL"       ,       "CSF"      ,       "CMx"      ,       "CMy"      ,       "CMz"      ,       "CFx"      ,       "CFy"      ,       "CFz"      ,      "CEff"      ,       "AoA"      
          0,           0,         149,      0.1707456987,      0.3455062284,                 0,                 0,                 0,      0.1908963756,      0.1707456987,      0.3455062284,                 0,       2.023513512,                 0
          1,           0,         149,     0.01302792645,       0.285827468,                 0,                 0,                 0,      0.1173150526,     0.01302792645,       0.285827468,                 0,       21.93959792,                 0
          2,           0,         149,    -0.01219578232,      0.2284557562,                 0,                 0,                 0,     0.07562567295,    -0.01219578232,      0.2284557562,                 0,      -18.73235765,                 0
          3,           0,         149,   -0.002711451797,      0.1915073513,                 0,                 0,                 0,     0.05523848593,   -0.002711451797,      0.1915073513,                 0,      -70.62908198,                 0
          4,           0,         149,     0.00616966776,      0.1689495821,                 0,                 0,                 0,     0.04203460814,     0.00616966776,      0.1689495821,                 0,       27.38390278,                 0
          5,           0,         149,    0.008065039149,      0.1437355774,                 0,                 0,                 0,     0.02735375924,    0.008065039149,      0.1437355774,                 0,       17.82205576,                 0
          6,           0,         149,    0.006461222436,       0.105430084,                 0,                 0,                 0,    0.008190481522,    0.006461222436,       0.105430084,                 0,       16.31735868,                 0
          7,           0,         149,      0.0044668225,     0.05691120987,                 0,                 0,                 0,    -0.01288919452,      0.0044668225,     0.05691120987,                 0,       12.74087114,                 0
          8,           0,         149,    0.003363703481,    0.006781583074,                 0,                 0,                 0,    -0.03169416892,    0.003363703481,    0.006781583074,                 0,        2.01610609,                 0
          9,           0,         149,    0.003121672593,    -0.03879867174,                 0,                 0,                 0,    -0.04587504577,    0.003121672593,    -0.03879867174,                 0,      -12.42880878,                 0
         10,           0,         149,    0.003616895983,    -0.07835444207,                 0,                 0,                 0,    -0.05594075003,    0.003616895983,    -0.07835444207,                 0,      -21.66344911,                 0
         11,           0,         149,    0.004662336542,      -0.109861488,                 0,                 0,                 0,    -0.06119866005,    0.004662336542,      -0.109861488,                 0,      -23.56361172,                 0
         12,           0,         149,    0.005905036002,     -0.1314955567,                 0,                 0,                 0,    -0.06123854469,    0.005905036002,     -0.1314955567,                 0,       -22.2683751,                 0
         13,           0,         149,    0.006835266507,     -0.1415938814,                 0,                 0,                 0,    -0.05582393263,    0.006835266507,     -0.1415938814,                 0,      -20.71519541,                 0
         14,           0,         149,    0.007373738674,     -0.1404232509,                 0,                 0,                 0,    -0.04614611997,    0.007373738674,     -0.1404232509,                 0,       -19.0436978,                 0
         15,           0,         149,    0.007389200596,      -0.126767892,                 0,                 0,                 0,     -0.0317124262,    0.007389200596,      -0.126767892,                 0,      -17.15583307,                 0
         16,           0,         149,    0.007024352055,     -0.1021492507,                 0,                 0,                 0,    -0.01395985251,    0.007024352055,     -0.1021492507,                 0,      -14.54215989,                 0
         17,           0,         149,    0.006339438927,     -0.0694309882,                 0,                 0,                 0,    0.004891487251,    0.006339438927,     -0.0694309882,                 0,      -10.95222921,                 0
         18,           0,         149,    0.005169019447,    -0.02969340608,                 0,                 0,                 0,      0.0246697328,    0.005169019447,    -0.02969340608,                 0,      -5.744494944,                 0
         19,           0,         149,     0.00386526537,     0.01436725904,                 0,                 0,                 0,     0.04388656658,     0.00386526537,     0.01436725904,                 0,       3.717017505,                 0
         20,           0,         149,    0.003171454694,     0.05674016405,                 0,                 0,                 0,     0.05882904391,    0.003171454694,     0.05674016405,                 0,       17.89089535,                 0
         21,           0,         149,    0.002806082608,     0.09588904286,                 0,                 0,                 0,     0.07020639061,    0.002806082608,     0.09588904286,                 0,       34.17185317,                 0
         22,           0,         149,    0.002868547732,       0.132733254,                 0,                 0,                 0,     0.07957528775,    0.002868547732,       0.132733254,                 0,       46.27193493,                 0
         23,           0,         149,    0.003379787314,       0.164376819,                 0,                 0,                 0,     0.08518303494,    0.003379787314,       0.164376819,                 0,       48.63525534,                 0
         24,           0,         149,    0.004296365663,      0.1881341363,                 0,                 0,                 0,      0.0864958554,    0.004296365663,      0.1881341363,                 0,       43.78913506,                 0
         25,           0,         149,       0.005563815,      0.1981383508,                 0,                 0,                 0,     0.08011152895,       0.005563815,      0.1981383508,                 0,       35.61195885,                 0
         26,           0,         149,       0.006669613,      0.1961009766,                 0,                 0,                 0,     0.06910983823,       0.006669613,      0.1961009766,                 0,        29.4021522,                 0
         27,           0,         149,     0.00736952413,      0.1814253357,                 0,                 0,                 0,     0.05326180713,     0.00736952413,      0.1814253357,                 0,        24.6183244,                 0
         28,           0,         149,     0.00730808496,      0.1563525778,                 0,                 0,                 0,     0.03431561719,     0.00730808496,      0.1563525778,                 0,       21.39446635,                 0
         29,           0,         149,     0.00675930429,      0.1223015226,                 0,                 0,                 0,      0.0133180554,     0.00675930429,      0.1223015226,                 0,       18.09380335,                 0
         30,           0,         149,    0.005897468234,     0.08154876489,                 0,                 0,                 0,    -0.00795974568,    0.005897468234,     0.08154876489,                 0,       13.82775823,                 0
         31,           0,         149,    0.004795459036,     0.03605246708,                 0,                 0,                 0,    -0.02860204669,    0.004795459036,     0.03605246708,                 0,       7.518042966,                 0
         32,           0,         149,    0.003728471043,     -0.0111765877,                 0,                 0,                 0,    -0.04738454263,    0.003728471043,     -0.0111765877,                 0,      -2.997632962,                 0
         33,           0,         149,    0.003089190434,    -0.05507199036,                 0,                 0,                 0,    -0.06163209786,    0.003089190434,    -0.05507199036,                 0,      -17.82732128,                 0
         34,           0,         149,    0.003086341143,    -0.09446877878,                 0,                 0,                 0,    -0.07187335725,    0.003086341143,    -0.09446877878,                 0,      -30.60866391,                 0
         35,           0,         149,    0.003913961074,     -0.1276575731,                 0,                 0,                 0,    -0.07760245229,    0.003913961074,     -0.1276575731,                 0,      -32.61595367,                 0
         36,           0,         149,    0.004925567394,     -0.1526025562,                 0,                 0,                 0,    -0.07857596791,    0.004925567394,     -0.1526025562,                 0,       -30.9817213,                 0
         37,           0,         149,    0.005897663656,     -0.1674435599,                 0,                 0,                 0,    -0.07416927645,    0.005897663656,     -0.1674435599,                 0,      -28.39150715,                 0
         38,           0,         149,    0.006830691334,     -0.1741236682,                 0,                 0,                 0,    -0.06715982919,    0.006830691334,     -0.1741236682,                 0,      -25.49136825,                 0
         39,           0,         149,    0.007484114419,     -0.1672228004,                 0,                 0,                 0,    -0.05380988682,    0.007484114419,     -0.1672228004,                 0,      -22.34369907,                 0
         40,           0,         149,     0.00784032139,     -0.1491441833,                 0,                 0,                 0,    -0.03707538987,     0.00784032139,     -0.1491441833,                 0,      -19.02271296,                 0
         41,           0,         149,    0.007396871323,     -0.1209183258,                 0,                 0,                 0,    -0.01781939561,    0.007396871323,     -0.1209183258,                 0,      -16.34722581,                 0
         42,           0,         149,    0.006347724485,    -0.08453226701,                 0,                 0,                 0,    0.002867990178,    0.006347724485,    -0.08453226701,                 0,      -13.31694014,                 0
         43,           0,         149,    0.005176876187,    -0.04320481619,                 0,                 0,                 0,     0.02277706928,    0.005176876187,    -0.04320481619,                 0,      -8.345731023,                 0
         44,           0,         149,    0.004049990414,    0.002168015347,                 0,                 0,                 0,     0.04212264653,    0.004049990414,    0.002168015347,                 0,      0.5353136986,                 0
         45,           0,         149,    0.003310289589,     0.04721762924,                 0,                 0,                 0,      0.0584584773,    0.003310289589,     0.04721762924,                 0,       14.26389685,                 0
         46,           0,         149,      0.0029851158,     0.08924950837,                 0,                 0,                 0,      0.0710933175,      0.0029851158,     0.08924950837,                 0,       29.89817292,                 0
         47,           0,         149,    0.003242888166,      0.1259426027,                 0,                 0,                 0,     0.07943100465,    0.003242888166,      0.1259426027,                 0,       38.83655442,                 0
         48,           0,         149,    0.004002031873,      0.1571259526,                 0,                 0,                 0,     0.08428071166,    0.004002031873,      0.1571259526,                 0,       39.26154452,                 0
         49,           0,         149,     0.00490639116,      0.1811571686,                 0,                 0,                 0,     0.08530436935,     0.00490639116,      0.1811571686,                 0,       36.92269178,                 0
         50,           0,         149,    0.006118270542,      0.1927043041,                 0,                 0,                 0,     0.07969749693,    0.006118270542,      0.1927043041,                 0,       31.49653202,                 0
         51,           0,         149,    0.007028482914,      0.1902676343,                 0,                 0,                 0,     0.06784259938,    0.007028482914,      0.1902676343,                 0,       27.07093929,                 0
         52,           0,         149,    0.007626221623,      0.1759688089,                 0,                 0,                 0,     0.05191832702,    0.007626221623,      0.1759688089,                 0,       23.07417979,                 0
         53,           0,         149,    0.007659536259,      0.1520997689,                 0,                 0,                 0,     0.03359326788,    0.007659536259,      0.1520997689,                 0,       19.85756888,                 0
         54,           0,         149,    0.007165065191,      0.1185645076,                 0,                 0,                 0,     0.01286920346,    0.007165065191,      0.1185645076,                 0,       16.54758254,                 0
         55,           0,         149,     0.00597801296,     0.07693961064,                 0,                 0,                 0,   -0.009175690509,     0.00597801296,     0.07693961064,                 0,       12.87043222,                 0
         56,           0,         149,    0.004685190991,     0.03134163875,                 0,                 0,                 0,    -0.02999183109,    0.004685190991,     0.03134163875,                 0,       6.689511443,                 0
         57,           0,         149,    0.003858340272,     -0.0153736507,                 0,                 0,                 0,    -0.04843901456,    0.003858340272,     -0.0153736507,                 0,      -3.984524334,                 0
         58,           0,         149,    0.003238752427,    -0.05976901246,                 0,                 0,                 0,    -0.06321507349,    0.003238752427,    -0.05976901246,                 0,      -18.45433197,                 0
         59,           0,         149,    0.002954093803,    -0.09960425838,                 0,                 0,                 0,    -0.07372232615,    0.002954093803,    -0.09960425838,                 0,      -33.71736479,                 0
         60,           0,         149,    0.003578564179,     -0.1330054236,                 0,                 0,                 0,    -0.07996405577,    0.003578564179,     -0.1330054236,                 0,      -37.16725953,                 0
         61,           0,         149,    0.004535486825,     -0.1572074588,                 0,                 0,                 0,    -0.08053547049,    0.004535486825,     -0.1572074588,                 0,      -34.66165041,                 0
         62,           0,         149,    0.005582142255,     -0.1733441921,                 0,                 0,                 0,      -0.077357421,    0.005582142255,     -0.1733441921,                 0,       -31.0533455,                 0
         63,           0,         149,    0.006514930443,      -0.178344906,                 0,                 0,                 0,    -0.06868392816,    0.006514930443,      -0.178344906,                 0,      -27.37479817,                 0
         64,           0,         149,    0.007345943354,     -0.1733361712,                 0,                 0,                 0,     -0.0568414394,    0.007345943354,     -0.1733361712,                 0,      -23.59617585,                 0
         65,           0,         149,    0.007740593252,     -0.1550226635,                 0,                 0,                 0,    -0.03966616152,    0.007740593252,     -0.1550226635,                 0,      -20.02723286,                 0
         66,           0,         149,    0.007279100049,     -0.1255860112,                 0,                 0,                 0,    -0.01937984847,    0.007279100049,     -0.1255860112,                 0,      -17.25295852,                 0
         67,           0,         149,    0.006455452586,    -0.08810469686,                 0,                 0,                 0,     0.00199936712,    0.006455452586,    -0.08810469686,                 0,      -13.64810533,                 0
         68,           0,         149,    0.005231459738,    -0.04577343296,                 0,                 0,                 0,     0.02269420321,    0.005231459738,    -0.04577343296,                 0,       -8.74964833,                 0
         69,           0,         149,    0.004266918137,  -0.0002969420032,                 0,                 0,                 0,     0.04216801678,    0.004266918137,  -0.0002969420032,                 0,    -0.06959168038,                 0
         70,           0,         149,    0.003742317056,     0.04458066971,                 0,                 0,                 0,     0.05833730748,    0.003742317056,     0.04458066971,                 0,       11.91258492,                 0
         71,           0,         149,    0.003332045639,      0.0876619023,                 0,                 0,                 0,     0.07171810358,    0.003332045639,      0.0876619023,                 0,       26.30873397,                 0
         72,           0,         149,    0.003629424721,       0.124780344,                 0,                 0,                 0,     0.08028093296,    0.003629424721,       0.124780344,                 0,       34.38019896,                 0
         73,           0,         149,    0.004288681516,      0.1553508384,                 0,                 0,                 0,     0.08458212787,    0.004288681516,      0.1553508384,                 0,       36.22344952,                 0
         74,           0,         149,    0.005169557219,      0.1783345556,                 0,                 0,                 0,     0.08489297567,    0.005169557219,      0.1783345556,                 0,        34.4970658,                 0
         75,           0,         149,    0.006143720602,      0.1903345978,                 0,                 0,                 0,      0.0795132574,    0.006143720602,      0.1903345978,                 0,       30.98034727,                 0
         76,           0,         149,    0.007107187401,      0.1882149469,                 0,                 0,                 0,     0.06756242625,    0.007107187401,      0.1882149469,                 0,       26.48233911,                 0
         77,           0,         149,    0.007884677895,      0.1729358935,                 0,                 0,                 0,     0.05073506679,    0.007884677895,      0.1729358935,                 0,       21.93315895,                 0
         78,           0,         149,    0.007861702435,      0.1485730745,                 0,                 0,                 0,     0.03219724764,    0.007861702435,      0.1485730745,                 0,       18.89833349,                 0
         79,           0,         149,    0.007100143492,      0.1140929882,                 0,                 0,                 0,     0.01069770601,    0.007100143492,      0.1140929882,                 0,        16.0691102,                 0
         80,           0,         149,    0.005956228945,     0.07308208056,                 0,                 0,                 0,    -0.01095094205,    0.005956228945,     0.07308208056,                 0,       12.26985753,                 0
         81,           0,         149,    0.004660060932,     0.02766141063,                 0,                 0,                 0,    -0.03177646855,    0.004660060932,     0.02766141063,                 0,       5.935847414,                 0
         82,           0,         149,    0.003675253439,    -0.01867860723,                 0,                 0,                 0,    -0.04991946236,    0.003675253439,    -0.01867860723,                 0,      -5.082263725,                 0
         83,           0,         149,    0.002874396438,    -0.06269543844,                 0,                 0,                 0,    -0.06456621079,    0.002874396438,    -0.06269543844,                 0,      -21.81168805,                 0
         84,           0,         149,    0.002760122613,     -0.1014105991,                 0,                 0,                 0,    -0.07431206959,    0.002760122613,     -0.1014105991,                 0,      -36.74133846,                 0
         85,           0,         149,    0.003510826506,     -0.1340928993,                 0,                 0,                 0,    -0.07990361191,    0.003510826506,     -0.1340928993,                 0,      -38.19411157,                 0
         86,           0,         149,    0.004672271561,     -0.1577172012,                 0,                 0,                 0,    -0.08009865397,    0.004672271561,     -0.1577172012,                 0,      -33.75600052,                 0
         87,           0,         149,    0.005685455095,     -0.1731144423,                 0,                 0,                 0,    -0.07641750714,    0.005685455095,     -0.1731144423,                 0,      -30.44865176,                 0
         88,           0,         149,    0.006456838664,     -0.1800900644,                 0,                 0,                 0,    -0.06961653555,    0.006456838664,     -0.1800900644,                 0,      -27.89136817,                 0
         89,           0,         149,    0.007129557829,      -0.173852908,                 0,                 0,                 0,     -0.0567520015,    0.007129557829,      -0.173852908,                 0,      -24.38480929,                 0
         90,           0,         149,    0.007462916318,     -0.1549452571,                 0,                 0,                 0,     -0.0393844874,    0.007462916318,     -0.1549452571,                 0,      -20.76202526,                 0
         91,           0,         149,    0.007316450959,     -0.1247273229,                 0,                 0,                 0,     -0.0186439287,    0.007316450959,     -0.1247273229,                 0,       -17.0475171,                 0
         92,           0,         149,    0.006542939102,    -0.08671694242,                 0,                 0,                 0,    0.002975142652,    0.006542939102,    -0.08671694242,                 0,      -13.25351514,                 0
         93,           0,         149,    0.005277856547,    -0.04423537506,                 0,                 0,                 0,     0.02371190548,    0.005277856547,    -0.04423537506,                 0,      -8.381314397,                 0
         94,           0,         149,    0.004323241647,   0.0004348794454,                 0,                 0,                 0,     0.04250099946,    0.004323241647,   0.0004348794454,                 0,      0.1005910567,                 0
         95,           0,         149,     0.00344644921,     0.04689372934,                 0,                 0,                 0,     0.06013278537,     0.00344644921,     0.04689372934,                 0,       13.60638921,                 0
         96,           0,         149,    0.003306756993,      0.0891426143,                 0,                 0,                 0,     0.07271768099,    0.003306756993,      0.0891426143,                 0,       26.95771552,                 0
         97,           0,         149,    0.003875981392,      0.1265277992,                 0,                 0,                 0,     0.08126197901,    0.003875981392,      0.1265277992,                 0,       32.64406776,                 0
         98,           0,         149,    0.004329554516,      0.1587696144,                 0,                 0,                 0,     0.08677238117,    0.004329554516,      0.1587696144,                 0,       36.67112028,                 0
         99,           0,         149,    0.005177794499,      0.1812530661,                 0,                 0,                 0,     0.08630012787,    0.005177794499,      0.1812530661,                 0,       35.00584391,                 0
        100,           0,         149,    0.006224429461,      0.1925213219,                 0,                 0,                 0,     0.08053294941,    0.006224429461,      0.1925213219,                 0,        30.9299548,                 0
        101,           0,         149,    0.007312060667,      0.1894597662,                 0,                 0,                 0,     0.06809037681,    0.007312060667,      0.1894597662,                 0,       25.91058456,                 0
        102,           0,         149,    0.008152577242,      0.1736248171,                 0,                 0,                 0,     0.05092034899,    0.008152577242,      0.1736248171,                 0,       21.29692389,                 0
        103,           0,         149,    0.008022659292,      0.1496795324,                 0,                 0,                 0,     0.03279636346,    0.008022659292,      0.1496795324,                 0,       18.65709698,                 0
        104,           0,         149,    0.007162850432,      0.1155699836,                 0,                 0,                 0,     0.01159489265,    0.007162850432,      0.1155699836,                 0,       16.13463588,                 0
        105,           0,         149,    0.005831805114,     0.07469357537,                 0,                 0,                 0,   -0.009970928047,    0.005831805114,     0.07469357537,                 0,       12.80796836,                 0
        106,           0,         149,    0.004744675889,     0.02980474842,                 0,                 0,                 0,    -0.03016550016,    0.004744675889,     0.02980474842,                 0,       6.281724846,                 0
        107,           0,         149,    0.003671218347,    -0.01780052011,                 0,                 0,                 0,      -0.049226539,    0.003671218347,    -0.01780052011,                 0,      -4.848668324,                 0
        108,           0,         149,    0.002770179138,    -0.06127175629,                 0,                 0,                 0,    -0.06314522419,    0.002770179138,    -0.06127175629,                 0,       -22.1183372,                 0
        109,           0,         149,    0.002705854188,     -0.1010312048,                 0,                 0,                 0,    -0.07378384912,    0.002705854188,     -0.1010312048,                 0,       -37.3380078,                 0
        110,           0,         149,     0.00369041039,     -0.1343834768,                 0,                 0,                 0,    -0.07979104834,     0.00369041039,     -0.1343834768,                 0,      -36.41423651,                 0
        111,           0,         149,    0.004877816556,     -0.1605477607,                 0,                 0,                 0,    -0.08164419166,    0.004877816556,     -0.1605477607,                 0,      -32.91385785,                 0
        112,           0,         149,    0.005567343347,     -0.1772784099,                 0,                 0,                 0,    -0.07861434769,    0.005567343347,     -0.1772784099,                 0,      -31.84255018,                 0
        113,           0,         149,    0.006257956952,      -0.182972293,                 0,                 0,                 0,     -0.0707682793,    0.006257956952,      -0.182972293,                 0,      -29.23834318,                 0
        114,           0,         149,    0.007052805229,     -0.1760798061,                 0,                 0,                 0,    -0.05763710579,    0.007052805229,     -0.1760798061,                 0,      -24.96592496,                 0
        115,           0,         149,    0.007411264576,     -0.1577158319,                 0,                 0,                 0,    -0.04065168486,    0.007411264576,     -0.1577158319,                 0,      -21.28055614,                 0
        116,           0,         149,    0.007437920225,     -0.1294345404,                 0,                 0,                 0,    -0.02112719899,    0.007437920225,     -0.1294345404,                 0,       -17.4019802,                 0
        117,           0,         149,    0.006684613629,    -0.09284759442,                 0,                 0,                 0,  -0.0003526482547,    0.006684613629,    -0.09284759442,                 0,      -13.88974735,                 0
        118,           0,         149,    0.005260139696,    -0.05019125401,                 0,                 0,                 0,     0.02057871281,    0.005260139696,    -0.05019125401,                 0,      -9.541810088,                 0
        119,           0,         149,    0.004138201685,   -0.004346322724,                 0,                 0,                 0,     0.04016023054,    0.004138201685,   -0.004346322724,                 0,      -1.050292628,                 0
        120,           0,         149,    0.003449397643,     0.04128100263,                 0,                 0,                 0,     0.05679427096,    0.003449397643,     0.04128100263,                 0,        11.9675975,                 0
        121,           0,         149,    0.003117991579,     0.08345029962,                 0,                 0,                 0,     0.06943235157,    0.003117991579,     0.08345029962,                 0,       26.76411963,                 0
        122,           0,         149,     0.00343530044,      0.1205039629,                 0,                 0,                 0,     0.07792885636,     0.00343530044,      0.1205039629,                 0,       35.07814382,                 0
        123,           0,         149,    0.004096140713,      0.1519803359,                 0,                 0,                 0,     0.08294828272,    0.004096140713,      0.1519803359,                 0,       37.10329957,                 0
        124,           0,         149,    0.005058017166,      0.1754343804,                 0,                 0,                 0,     0.08369080014,    0.005058017166,      0.1754343804,                 0,       34.68441775,                 0
        125,           0,         149,    0.006175982473,      0.1873749503,                 0,                 0,                 0,     0.07843671995,    0.006175982473,      0.1873749503,                 0,       30.33929438,                 0
        126,           0,         149,    0.007282588923,      0.1856230425,                 0,                 0,                 0,     0.06694749509,    0.007282588923,      0.1856230425,                 0,       25.48860639,                 0
        127,           0,         149,     0.00781135011,      0.1713191127,                 0,                 0,                 0,     0.05090751351,     0.00781135011,      0.1713191127,                 0,       21.93207452,                 0
        128,           0,         149,    0.007794059668,      0.1465724729,                 0,                 0,                 0,      0.0318403813,    0.007794059668,      0.1465724729,                 0,       18.80566472,                 0
        129,           0,         149,    0.007014987556,      0.1128024286,                 0,                 0,                 0,     0.01075620325,    0.007014987556,      0.1128024286,                 0,       16.08020366,                 0
        130,           0,         149,     0.00609763886,     0.07286790167,                 0,                 0,                 0,    -0.01021456403,     0.00609763886,     0.07286790167,                 0,       11.95018323,                 0
        131,           0,         149,    0.004928401622,     0.02702943438,                 0,                 0,                 0,    -0.03143002905,    0.004928401622,     0.02702943438,                 0,        5.48442202,                 0
        132,           0,         149,    0.003846386086,    -0.02108940933,                 0,                 0,                 0,    -0.05094738416,    0.003846386086,    -0.02108940933,                 0,      -5.482915355,                 0
        133,           0,         149,    0.003151835558,    -0.06491835103,                 0,                 0,                 0,    -0.06512324647,    0.003151835558,    -0.06491835103,                 0,      -20.59699811,                 0
        134,           0,         149,     0.00298615688,     -0.1044567739,                 0,                 0,                 0,    -0.07549540456,     0.00298615688,     -0.1044567739,                 0,      -34.98033696,                 0
        135,           0,         149,    0.003671094018,     -0.1379307906,                 0,                 0,                 0,    -0.08186703138,    0.003671094018,     -0.1379307906,                 0,      -37.57212153,                 0
        136,           0,         149,    0.004833115894,     -0.1616211699,                 0,                 0,                 0,    -0.08204461684,    0.004833115894,     -0.1616211699,                 0,      -33.44036714,                 0
        137,           0,         149,    0.005770092656,     -0.1766976578,                 0,                 0,                 0,    -0.07804784357,    0.005770092656,     -0.1766976578,                 0,      -30.62301913,                 0
        138,           0,         149,     0.00675629137,     -0.1833267728,                 0,                 0,                 0,     -0.0707897406,     0.00675629137,     -0.1833267728,                 0,      -27.13423131,                 0
        139,           0,         149,    0.007318890021,     -0.1770317898,                 0,                 0,                 0,    -0.05778782553,    0.007318890021,     -0.1770317898,                 0,      -24.18833858,                 0
        140,           0,         149,    0.007813423525,      -0.158825656,                 0,                 0,                 0,     -0.0409642569,    0.007813423525,      -0.158825656,                 0,      -20.32728105,                 0
        141,           0,         149,    0.007243561538,      -0.128706878,                 0,                 0,                 0,    -0.02030125756,    0.007243561538,      -0.128706878,                 0,      -17.76845235,                 0
        142,           0,         149,    0.006262881017,    -0.09127156356,                 0,                 0,                 0,   0.0009178924843,    0.006262881017,    -0.09127156356,                 0,      -14.57341491,                 0
        143,           0,         149,    0.005108020357,    -0.04916019928,                 0,                 0,                 0,     0.02135828784,    0.005108020357,    -0.04916019928,                 0,      -9.624119687,                 0
        144,           0,         149,    0.004136959432,   -0.005595005423,                 0,                 0,                 0,     0.03939489899,    0.004136959432,   -0.005595005423,                 0,       -1.35244387,                 0
        145,           0,         149,    0.003168512443,     0.04060268859,                 0,                 0,                 0,     0.05696198136,    0.003168512443,     0.04060268859,                 0,       12.81443243,                 0
        146,           0,         149,    0.002901502274,     0.08326682874,                 0,                 0,                 0,     0.06982980025,    0.002901502274,     0.08326682874,                 0,       28.69783335,                 0
        147,           0,         149,    0.003138134913,      0.1215888148,                 0,                 0,                 0,     0.07906933698,    0.003138134913,      0.1215888148,                 0,       38.74556646,                 0
        148,           0,         149,    0.004103532462,       0.152302878,                 0,                 0,                 0,     0.08318938901,    0.004103532462,       0.152302878,                 0,       37.11506595,                 0
        149,           0,         149,    0.005153866813,      0.1748136839,                 0,                 0,                 0,     0.08314579251,    0.005153866813,      0.1748136839,                 0,       33.91893703,                 0
        150,           0,         149,    0.006172135916,      0.1853413406,                 0,                 0,                 0,     0.07689883513,    0.006172135916,      0.1853413406,                 0,        30.0287199,                 0
        151,           0,         149,    0.007026988107,      0.1843612273,                 0,                 0,                 0,     0.06615042115,    0.007026988107,      0.1843612273,                 0,       26.23616612,                 0
        152,           0,         149,    0.007686819949,      0.1702218146,                 0,                 0,                 0,     0.05015627189,    0.007686819949,      0.1702218146,                 0,       22.14463403,                 0
        153,           0,         149,    0.007747138562,      0.1453172039,                 0,                 0,                 0,     0.03105457149,    0.007747138562,      0.1453172039,                 0,       18.75753257,                 0
        154,           0,         149,    0.007113133847,      0.1108730756,                 0,                 0,                 0,    0.009627942937,    0.007113133847,      0.1108730756,                 0,       15.58709255,                 0
        155,           0,         149,    0.006046213052,     0.07007302548,                 0,                 0,                 0,    -0.01184371303,    0.006046213052,     0.07007302548,                 0,       11.58957266,                 0
        156,           0,         149,    0.004819853118,     0.02376432315,                 0,                 0,                 0,    -0.03330775069,    0.004819853118,     0.02376432315,                 0,        4.93050775,                 0
        157,           0,         149,    0.003995321041,    -0.02321179919,                 0,                 0,                 0,     -0.0518035368,    0.003995321041,    -0.02321179919,                 0,      -5.809745689,                 0
        158,           0,         149,    0.003081924636,    -0.06751987399,                 0,                 0,                 0,      -0.066434479,    0.003081924636,    -0.06751987399,                 0,      -21.90834688,                 0
        159,           0,         149,    0.002927700111,     -0.1066906035,                 0,                 0,                 0,    -0.07652139818,    0.002927700111,     -0.1066906035,                 0,      -36.44178006,                 0
        160,           0,         149,    0.003818341034,     -0.1398315997,                 0,                 0,                 0,    -0.08247201533,    0.003818341034,     -0.1398315997,                 0,      -36.62103476,                 0
        161,           0,         149,    0.004701040499,     -0.1652904613,                 0,                 0,                 0,    -0.08386917901,    0.004701040499,     -0.1652904613,                 0,      -35.16039936,                 0
        162,           0,         149,      0.0055169443,     -0.1812752427,                 0,                 0,                 0,    -0.08044749769,      0.0055169443,     -0.1812752427,                 0,      -32.85790699,                 0
        163,           0,         149,    0.006268815293,     -0.1862340343,                 0,                 0,                 0,    -0.07195096029,    0.006268815293,     -0.1862340343,                 0,       -29.7080111,                 0
        164,           0,         149,    0.007157037205,     -0.1794382866,                 0,                 0,                 0,    -0.05898004763,    0.007157037205,     -0.1794382866,                 0,      -25.07158779,                 0
        165,           0,         149,    0.007523631203,     -0.1603929478,                 0,                 0,                 0,    -0.04152808689,    0.007523631203,     -0.1603929478,                 0,       -21.3185553,                 0
        166,           0,         149,    0.007182307244,      -0.130714062,                 0,                 0,                 0,    -0.02091457065,    0.007182307244,      -0.130714062,                 0,      -18.19945284,                 0
        167,           0,         149,    0.006459719928,    -0.09392677515,                 0,                 0,                 0,   -1.99183118e-05,    0.006459719928,    -0.09392677515,                 0,      -14.54037887,                 0
        168,           0,         149,    0.005192930106,    -0.05160923231,                 0,                 0,                 0,     0.02065679114,    0.005192930106,    -0.05160923231,                 0,      -9.938364518,                 0
        169,           0,         149,     0.00411723276,   -0.006024093335,                 0,                 0,                 0,     0.04018803426,     0.00411723276,   -0.006024093335,                 0,       -1.46314131,                 0
        170,           0,         149,     0.00327880017,     0.04065415589,                 0,                 0,                 0,     0.05777414392,     0.00327880017,     0.04065415589,                 0,       12.39909533,                 0
        171,           0,         149,    0.003005214953,     0.08347693419,                 0,                 0,                 0,     0.07078605597,    0.003005214953,     0.08347693419,                 0,       27.77735886,                 0
        172,           0,         149,    0.003174022801,      0.1198773312,                 0,                 0,                 0,     0.07878433151,    0.003174022801,      0.1198773312,                 0,       37.76826403,                 0
        173,           0,         149,     0.00409888849,      0.1501455813,                 0,                 0,                 0,     0.08261274166,     0.00409888849,      0.1501455813,                 0,       36.63080409,                 0
        174,           0,         149,    0.005076432111,      0.1736168354,                 0,                 0,                 0,     0.08301830938,    0.005076432111,      0.1736168354,                 0,       34.20056284,                 0
        175,           0,         149,    0.006259370659,      0.1853753694,                 0,                 0,                 0,     0.07740439297,    0.006259370659,      0.1853753694,                 0,       29.61565618,                 0
        176,           0,         149,    0.007351339053,      0.1841100473,                 0,                 0,                 0,     0.06641513111,    0.007351339053,      0.1841100473,                 0,       25.04442334,                 0
        177,           0,         149,    0.007948087413,      0.1687666697,                 0,                 0,                 0,     0.04966706038,    0.007948087413,      0.1687666697,                 0,       21.23362023,                 0
        178,           0,         149,    0.007771046385,      0.1433498422,                 0,                 0,                 0,     0.03029438848,    0.007771046385,      0.1433498422,                 0,       18.44665893,                 0
        179,           0,         149,    0.007283577498,      0.1099327985,                 0,                 0,                 0,    0.009600790994,    0.007283577498,      0.1099327985,                 0,        15.0932421,                 0
        180,           0,         149,    0.006099713814,     0.06953459495,                 0,                 0,                 0,    -0.01170663663,    0.006099713814,     0.06953459495,                 0,       11.39964875,                 0
        181,           0,         149,    0.004905399977,     0.02397899949,                 0,                 0,                 0,     -0.0327134998,    0.004905399977,     0.02397899949,                 0,       4.888286297,                 0
        182,           0,         149,    0.003922976447,    -0.02391520351,                 0,                 0,                 0,    -0.05216865573,    0.003922976447,    -0.02391520351,                 0,        -6.0961884,                 0
        183,           0,         149,    0.003274908904,    -0.06895817003,                 0,                 0,                 0,    -0.06729523962,    0.003274908904,    -0.06895817003,                 0,      -21.05651548,                 0
        184,           0,         149,     0.00315266037,     -0.1092343286,                 0,                 0,                 0,    -0.07793533249,     0.00315266037,     -0.1092343286,                 0,      -34.64830199,                 0
        185,           0,         149,    0.003657487563,     -0.1426625853,                 0,                 0,                 0,      -0.084001255,    0.003657487563,     -0.1426625853,                 0,      -39.00562418,                 0
        186,           0,         149,    0.004676890522,     -0.1656337257,                 0,                 0,                 0,    -0.08377658325,    0.004676890522,     -0.1656337257,                 0,      -35.41535234,                 0
        187,           0,         149,    0.005608915098,     -0.1801049854,                 0,                 0,                 0,     -0.0795340964,    0.005608915098,     -0.1801049854,                 0,      -32.11048524,                 0
        188,           0,         149,    0.006880518783,     -0.1862503189,                 0,                 0,                 0,     -0.0719637611,    0.006880518783,     -0.1862503189,                 0,      -27.06922615,                 0
        189,           0,         149,    0.007602209762,     -0.1808625027,                 0,                 0,                 0,     -0.0596130468,    0.007602209762,     -0.1808625027,                 0,      -23.79078036,                 0
        190,           0,         149,    0.007680183227,     -0.1624164221,                 0,                 0,                 0,    -0.04234954059,    0.007680183227,     -0.1624164221,                 0,      -21.14746709,                 0
        191,           0,         149,    0.007300780634,     -0.1324146387,                 0,                 0,                 0,    -0.02176076479,    0.007300780634,     -0.1324146387,                 0,      -18.13705209,                 0
        192,           0,         149,    0.006396715607,    -0.09385963738,                 0,                 0,                 0,   0.0001825769249,    0.006396715607,    -0.09385963738,                 0,      -14.67309838,                 0
        193,           0,         149,    0.005256595144,    -0.05032553737,                 0,                 0,                 0,     0.02174325499,    0.005256595144,    -0.05032553737,                 0,      -9.573789876,                 0
        194,           0,         149,    0.004189971941,   -0.006551891529,                 0,                 0,                 0,     0.03984231443,    0.004189971941,   -0.006551891529,                 0,      -1.563707734,                 0
        195,           0,         149,    0.002973320242,     0.04090462027,                 0,                 0,                 0,     0.05824277806,    0.002973320242,     0.04090462027,                 0,       13.75721985,                 0
        196,           0,         149,    0.002565462763,     0.08407618713,                 0,                 0,                 0,     0.07130258837,    0.002565462763,     0.08407618713,                 0,       32.77232799,                 0
        197,           0,         149,    0.002993525317,      0.1208997074,                 0,                 0,                 0,     0.07943146079,    0.002993525317,      0.1208997074,                 0,       40.38706694,                 0
        198,           0,         149,    0.003748025875,      0.1504970622,                 0,                 0,                 0,     0.08283559931,    0.003748025875,      0.1504970622,                 0,       40.15368816,                 0
        199,           0,         149,    0.005024800845,      0.1729220871,                 0,                 0,                 0,     0.08258583087,    0.005024800845,      0.1729220871,                 0,       34.41371956,                 0
        200,           0,         149,    0.006141012458,      0.1836841815,                 0,                 0,                 0,     0.07638414495,    0.006141012458,      0.1836841815,                 0,       29.91105828,                 0
        201,           0,         149,    0.007236095845,      0.1808889959,                 0,                 0,                 0,     0.06428827157,    0.007236095845,      0.1808889959,                 0,       24.99814814,                 0
        202,           0,         149,    0.007713981364,      0.1662035635,                 0,                 0,                 0,     0.04809284282,    0.007713981364,      0.1662035635,                 0,       21.54575642,                 0
        203,           0,         149,    0.007618540024,      0.1425775604,                 0,                 0,                 0,     0.02990723526,    0.007618540024,      0.1425775604,                 0,        18.7145516,                 0
        204,           0,         149,    0.007055863743,      0.1098798408,                 0,                 0,                 0,    0.009566372016,    0.007055863743,      0.1098798408,                 0,       15.57284052,                 0
        205,           0,         149,    0.006031283182,     0.06916415903,                 0,                 0,                 0,    -0.01202898481,    0.006031283182,     0.06916415903,                 0,       11.46756949,                 0
        206,           0,         149,    0.005057599836,     0.02209311462,                 0,                 0,                 0,    -0.03395170149,    0.005057599836,     0.02209311462,                 0,       4.368300248,                 0
        207,           0,         149,    0.003918044922,    -0.02614026066,                 0,                 0,                 0,    -0.05329522499,    0.003918044922,    -0.02614026066,                 0,      -6.671761345,                 0
        208,           0,         149,    0.002887987081,    -0.06928495106,                 0,                 0,                 0,    -0.06694585225,    0.002887987081,    -0.06928495106,                 0,      -23.99074134,                 0
        209,           0,         149,    0.002735853448,     -0.1090547352,                 0,                 0,                 0,    -0.07765952236,    0.002735853448,     -0.1090547352,                 0,      -39.86132198,                 0
        210,           0,         149,    0.003568475489,     -0.1414709496,                 0,                 0,                 0,    -0.08317107815,    0.003568475489,     -0.1414709496,                 0,      -39.64464659,                 0
        211,           0,         149,    0.004548917885,     -0.1658300477,                 0,                 0,                 0,    -0.08412386754,    0.004548917885,     -0.1658300477,                 0,      -36.45483428,                 0
        212,           0,         149,    0.005507361916,     -0.1808624286,                 0,                 0,                 0,    -0.08017967471,    0.005507361916,     -0.1808624286,                 0,      -32.84012043,                 0
        213,           0,         149,    0.006535485183,     -0.1865585667,                 0,                 0,                 0,    -0.07216430405,    0.006535485183,     -0.1865585667,                 0,      -28.54548078,                 0
        214,           0,         149,    0.007383625286,     -0.1806057171,                 0,                 0,                 0,    -0.05949481874,    0.007383625286,     -0.1806057171,                 0,      -24.46030373,                 0
        215,           0,         149,     0.00766853746,     -0.1621406529,                 0,                 0,                 0,     -0.0424278379,     0.00766853746,     -0.1621406529,                 0,      -21.14362142,                 0
        216,           0,         149,      0.0072000398,     -0.1324539528,                 0,                 0,                 0,    -0.02195558551,      0.0072000398,     -0.1324539528,                 0,      -18.39628065,                 0
        217,           0,         149,      0.0063618346,    -0.09412444247,                 0,                 0,                 0,   0.0001184484252,      0.0063618346,    -0.09412444247,                 0,      -14.79517284,                 0
        218,           0,         149,    0.005430806399,    -0.05188867544,                 0,                 0,                 0,     0.02070152122,    0.005430806399,    -0.05188867544,                 0,      -9.554506574,                 0
        219,           0,         149,    0.004377315471,    -0.00577305357,                 0,                 0,                 0,     0.04052170778,    0.004377315471,    -0.00577305357,                 0,      -1.318857096,                 0
        220,           0,         149,    0.003431781563,      0.0416965346,                 0,                 0,                 0,     0.05849707442,    0.003431781563,      0.0416965346,                 0,       12.15011324,                 0
        221,           0,         149,    0.003380656485,     0.08423263388,                 0,                 0,                 0,     0.07111314949,    0.003380656485,     0.08423263388,                 0,       24.91605825,                 0
        222,           0,         149,    0.003722766736,      0.1221802354,                 0,                 0,                 0,     0.08023709742,    0.003722766736,      0.1221802354,                 0,       32.81973974,                 0
        223,           0,         149,    0.004428119372,      0.1531640815,                 0,                 0,                 0,     0.08478646572,    0.004428119372,      0.1531640815,                 0,       34.58896851,                 0
        224,           0,         149,    0.005420842371,      0.1754871325,                 0,                 0,                 0,     0.08435165496,    0.005420842371,      0.1754871325,                 0,       32.37266841,                 0
        225,           0,         149,    0.006615456097,      0.1867152774,                 0,                 0,                 0,     0.07821807878,    0.006615456097,      0.1867152774,                 0,       28.22409743,                 0
        226,           0,         149,    0.007611170265,      0.1858825079,                 0,                 0,                 0,     0.06715018425,    0.007611170265,      0.1858825079,                 0,       24.42232948,                 0
        227,           0,         149,    0.008177216369,       0.171234051,                 0,                 0,                 0,     0.05072089006,    0.008177216369,       0.171234051,                 0,       20.94038402,                 0
        228,           0,         149,    0.007870590171,      0.1452814105,                 0,                 0,                 0,     0.03106797776,    0.007870590171,      0.1452814105,                 0,       18.45876958,                 0
        229,           0,         149,    0.007101925519,      0.1106870373,                 0,                 0,                 0,    0.009797468968,    0.007101925519,      0.1106870373,                 0,       15.58549678,                 0
        230,           0,         149,    0.006067987602,     0.06984085773,                 0,                 0,                 0,    -0.01169453657,    0.006067987602,     0.06984085773,                 0,       11.50972321,                 0
        231,           0,         149,    0.004902298802,     0.02595234844,                 0,                 0,                 0,    -0.03132473453,    0.004902298802,     0.02595234844,                 0,       5.293914037,                 0
        232,           0,         149,    0.003611091472,    -0.02162240176,                 0,                 0,                 0,     -0.0505720226,    0.003611091472,    -0.02162240176,                 0,      -5.987774592,                 0
        233,           0,         149,    0.002736223039,    -0.06657289996,                 0,                 0,                 0,    -0.06549523413,    0.002736223039,    -0.06657289996,                 0,      -24.33021687,                 0
        234,           0,         149,    0.002649222525,     -0.1068357192,                 0,                 0,                 0,    -0.07620921672,    0.002649222525,     -0.1068357192,                 0,      -40.32719719,                 0
        235,           0,         149,    0.003434786228,     -0.1397390625,                 0,                 0,                 0,    -0.08184506332,    0.003434786228,     -0.1397390625,                 0,      -40.68348167,                 0
        236,           0,         149,    0.004773065149,     -0.1638669828,                 0,                 0,                 0,    -0.08237993877,    0.004773065149,     -0.1638669828,                 0,      -34.33160404,                 0
        237,           0,         149,     0.00569943423,     -0.1792223742,                 0,                 0,                 0,    -0.07866169892,     0.00569943423,     -0.1792223742,                 0,      -31.44564301,                 0
        238,           0,         149,    0.006507942922,     -0.1849301308,                 0,                 0,                 0,    -0.07084596762,    0.006507942922,     -0.1849301308,                 0,      -28.41606527,                 0
        239,           0,         149,     0.00722278067,     -0.1789149021,                 0,                 0,                 0,    -0.05833844833,     0.00722278067,     -0.1789149021,                 0,      -24.77091723,                 0
        240,           0,         149,    0.007484637232,     -0.1600422218,                 0,                 0,                 0,    -0.04098399509,    0.007484637232,     -0.1600422218,                 0,      -21.38276269,                 0
        241,           0,         149,    0.007239218626,     -0.1312965315,                 0,                 0,                 0,     -0.0212408227,    0.007239218626,     -0.1312965315,                 0,      -18.13683745,                 0
        242,           0,         149,    0.006538065973,    -0.09474829249,                 0,                 0,                 0,  -0.0005762610528,    0.006538065973,    -0.09474829249,                 0,      -14.49179205,                 0
        243,           0,         149,    0.005410071242,    -0.05211314116,                 0,                 0,                 0,     0.02031928144,    0.005410071242,    -0.05211314116,                 0,      -9.632616435,                 0
        244,           0,         149,     0.00426746446,   -0.005642906952,                 0,                 0,                 0,     0.04031355544,     0.00426746446,   -0.005642906952,                 0,      -1.322309068,                 0
        245,           0,         149,    0.003276824321,      0.0407576244,                 0,                 0,                 0,     0.05739156999,    0.003276824321,      0.0407576244,                 0,       12.43814755,                 0
        246,           0,         149,    0.002928257737,     0.08218919374,                 0,                 0,                 0,     0.06924736338,    0.002928257737,     0.08218919374,                 0,       28.06760917,                 0
        247,           0,         149,    0.003272479812,      0.1189476546,                 0,                 0,                 0,     0.07764842339,    0.003272479812,      0.1189476546,                 0,       36.34786505,                 0
        248,           0,         149,    0.004026158147,      0.1504797072,                 0,                 0,                 0,     0.08280428085,    0.004026158147,      0.1504797072,                 0,       37.37550829,                 0
        249,           0,         149,    0.004894047289,      0.1745144629,                 0,                 0,                 0,     0.08342478475,    0.004894047289,      0.1745144629,                 0,       35.65851586,                 0
        250,           0,         149,    0.006071502975,      0.1881680549,                 0,                 0,                 0,     0.07935025167,    0.006071502975,      0.1881680549,                 0,       30.99200571,                 0
