"Time_Iter","Outer_Iter","Inner_Iter",    "rms[Rho]"    ,    "rms[RhoU]"   ,    "rms[RhoV]"   ,    "rms[RhoE]"   ,     "rms[nu]"    
          0,           0,           0,      -2.258584206,     0.09749584175,      0.1335926574,       3.210775544,      -4.899502251
          0,           0,           1,      -2.342708013,     0.09573135234,      0.1582413287,       3.154008086,      -5.299883847
          0,           0,           2,      -2.819128919,     -0.3447231002,     0.03524348645,       2.643252874,      -5.908540484
          0,           0,           3,      -2.715787628,     -0.4342022315,     -0.3813401301,       2.762935365,      -6.801944764
          0,           0,           4,      -3.185644654,     -0.7427683426,     -0.7252380016,       2.309570582,       -6.98993802
          0,           0,           5,      -3.222756618,     -0.8589965828,     -0.7605982641,       2.260971154,      -7.128954417
          0,           0,           6,      -3.679354278,      -1.248389353,      -1.100549482,       1.814023359,      -7.113924162
          0,           0,           7,       -3.75753066,      -1.383064998,      -1.196379384,       1.727707225,      -6.828995057
          0,           0,           8,      -3.882162911,      -1.401697613,      -1.288533661,       1.608468193,      -6.705065575
          0,           0,           9,      -3.956155686,      -1.137311414,      -1.400891451,       1.540216721,      -5.953180326
          0,           0,          10,      -4.014471571,      -1.178199609,      -1.369057977,       1.473331927,      -6.131829558
          0,           0,          11,      -4.063163921,       -1.25870319,      -1.460280555,       1.422259284,      -6.181942408
          0,           0,          12,      -4.125312347,      -1.302829626,      -1.531991891,       1.356277523,      -6.236030264
          0,           0,          13,       -4.15545868,      -1.323768643,      -1.586453008,       1.322868709,       -6.25691798
          0,           0,          14,      -4.173950022,      -1.336708764,      -1.630175612,       1.303511667,      -6.267611084
          0,           0,          15,      -4.206513823,      -1.351074834,      -1.670104718,        1.27136242,      -6.267652704
          0,           0,          16,      -4.230833634,       -1.36701556,      -1.686317402,        1.24818966,      -6.260420238
          0,           0,          17,      -4.262518356,       -1.38145396,      -1.707035344,       1.217095662,      -6.239974643
          0,           0,          18,       -4.29318619,       -1.40081655,      -1.723778554,       1.186271247,       -6.20595942
          0,           0,          19,      -4.325622027,      -1.418542119,      -1.749254631,       1.153359572,       -6.17450407
          0,           0,          20,      -4.350875824,       -1.43937587,       -1.77025616,       1.127444244,      -6.150749571
          0,           0,          21,      -4.373593194,      -1.458395603,      -1.790838537,       1.104499515,      -6.136868159
          0,           0,          22,      -4.387779557,      -1.476366777,      -1.804125528,       1.090502279,       -6.12435884
          0,           0,          23,      -4.397252958,      -1.490416156,      -1.811807266,       1.081627048,      -6.122979571
          0,           0,          24,      -4.405994663,      -1.503769505,      -1.818212378,       1.073739353,      -6.120668159
          0,           0,          25,      -4.419578626,      -1.515516674,      -1.826494518,       1.061093026,      -6.106823143
          0,           0,          26,      -4.438909394,      -1.528825236,      -1.839897883,       1.042529393,       -6.08580691
          0,           0,          27,      -4.460945641,      -1.541292697,      -1.858484115,       1.021017166,      -6.063453814
          0,           0,          28,       -4.48888772,      -1.555913877,      -1.884347164,      0.9935542618,      -6.041881454
          0,           0,          29,      -4.514529184,      -1.570490238,      -1.909949415,       0.968405086,      -6.033207095
          0,           0,          30,      -4.533211993,      -1.583366568,      -1.930625836,      0.9505077173,      -6.041789616
          0,           0,          31,      -4.543707812,      -1.592933551,      -1.944569666,      0.9411196516,      -6.049493919
          0,           0,          32,      -4.554698195,      -1.603826849,      -1.955483292,      0.9313887655,      -6.044372112
          0,           0,          33,       -4.56876171,      -1.615811924,      -1.966353811,      0.9183669241,      -6.029967265
          0,           0,          34,      -4.587250628,      -1.630870459,      -1.979250873,       0.900602815,      -6.016030441
          0,           0,          35,      -4.610949056,      -1.647014029,      -1.997288588,      0.8773166427,      -6.006507662
          0,           0,          36,      -4.637566421,      -1.666343478,      -2.017872395,      0.8507413941,      -6.003210016
          0,           0,          37,      -4.665260028,      -1.687463054,      -2.039995775,      0.8228385136,      -6.010106841
          0,           0,          38,      -4.688668753,      -1.708970051,      -2.058684562,      0.7990498524,      -6.028868432
          0,           0,          39,      -4.700761705,      -1.727768661,      -2.068972101,      0.7865490472,      -6.054468919
          0,           0,          40,      -4.698750176,      -1.744074023,      -2.070459938,      0.7884130169,      -6.080261631
          0,           0,          41,      -4.691259889,      -1.758901077,      -2.067630524,       0.796125128,      -6.102184793
          0,           0,          42,      -4.685307302,      -1.774009987,      -2.064722759,      0.8025069613,      -6.119384183
          0,           0,          43,       -4.68492062,       -1.78965218,      -2.065218933,      0.8033367669,      -6.132365361
          0,           0,          44,      -4.691295673,      -1.806585931,      -2.071669473,      0.7974318627,      -6.143251872
          0,           0,          45,      -4.704660637,      -1.824044988,      -2.084940458,      0.7846333768,      -6.152186124
          0,           0,          46,      -4.726314807,      -1.843984599,       -2.10517176,       0.763686653,      -6.160945374
          0,           0,          47,      -4.749850611,      -1.864947678,      -2.127059895,      0.7408232659,       -6.17738995
          0,           0,          48,      -4.765221282,      -1.879783853,      -2.144386955,      0.7264315518,      -6.198199323
          0,           0,          49,      -4.777786744,      -1.889936721,      -2.158546214,      0.7153208847,      -6.214015881
          0,           0,          50,      -4.789775746,      -1.901113245,      -2.170554042,      0.7045238122,      -6.225299403
          0,           0,          51,      -4.803631291,      -1.914382817,      -2.182462845,      0.6914684315,      -6.236254631
          0,           0,          52,      -4.820305222,      -1.929863572,      -2.196064304,      0.6753297186,      -6.247804169
          0,           0,          53,      -4.840101633,      -1.947197336,      -2.212645578,      0.6558170513,      -6.258937261
          0,           0,          54,      -4.863680762,      -1.967202986,      -2.231537104,      0.6322554861,       -6.26935744
          0,           0,          55,      -4.888099867,      -1.990628155,      -2.250695835,       0.607464252,       -6.28156818
          0,           0,          56,      -4.912887264,      -2.016347199,      -2.269142059,      0.5820231567,      -6.299344127
          0,           0,          57,      -4.933920189,      -2.040212965,      -2.284458565,      0.5602419934,      -6.321295989
          0,           0,          58,      -4.940075255,      -2.059515855,      -2.291997977,      0.5533259331,      -6.343676477
          0,           0,          59,      -4.935962461,       -2.07631942,      -2.294221275,      0.5569046637,       -6.36498775
          0,           0,          60,      -4.930481212,      -2.092978628,      -2.294289587,      0.5619611421,      -6.385448186
          0,           0,          61,       -4.92749738,      -2.109992307,      -2.295162674,      0.5645917478,       -6.40483143
          0,           0,          62,      -4.929432289,      -2.127697897,      -2.299268032,      0.5624989311,      -6.423036811
          0,           0,          63,      -4.937561858,      -2.146288635,      -2.307960806,      0.5544530301,      -6.440130937
          0,           0,          64,      -4.952481404,      -2.166438371,      -2.321755144,      0.5398319628,      -6.455879033
          0,           0,          65,      -4.974344725,      -2.189502665,      -2.339870769,      0.5183748024,      -6.473127104
          0,           0,          66,      -4.996097817,      -2.212694338,      -2.358153655,      0.4969958516,      -6.495105049
          0,           0,          67,      -5.007902963,      -2.226289637,      -2.371786937,      0.4861478707,       -6.51316626
          0,           0,          68,      -5.021882473,      -2.237255658,      -2.385083258,      0.4736096866,      -6.526751968
          0,           0,          69,      -5.034340258,      -2.249714986,      -2.397400425,      0.4620431726,      -6.541828772
          0,           0,          70,      -5.049669013,      -2.264667403,      -2.411474397,      0.4473116492,      -6.560080523
          0,           0,          71,      -5.066450225,      -2.281356347,      -2.427516346,      0.4309305519,      -6.579066839
          0,           0,          72,      -5.085596503,      -2.299734837,      -2.445877982,      0.4119743362,      -6.596767872
          0,           0,          73,       -5.10757799,      -2.320682225,      -2.465421553,      0.3899610831,      -6.613067649
          0,           0,          74,      -5.129730816,      -2.345250147,      -2.483890451,      0.3673825842,      -6.629962348
          0,           0,          75,      -5.152616866,      -2.373004181,      -2.500831607,      0.3437374685,      -6.650695465
          0,           0,          76,      -5.174211091,      -2.398843057,       -2.51571973,      0.3214107048,      -6.671735227
          0,           0,          77,      -5.180520971,      -2.419102946,      -2.524086172,      0.3143241015,      -6.691767963
          0,           0,          78,      -5.180111744,      -2.437336273,      -2.529614125,      0.3140497257,      -6.712074794
          0,           0,          79,      -5.180033168,      -2.456018821,      -2.534651403,      0.3133489595,      -6.732821401
          0,           0,          80,      -5.181762648,      -2.474960719,      -2.541079655,      0.3109232587,      -6.752991388
          0,           0,          81,      -5.187029547,      -2.494357661,      -2.549897897,       0.305206603,       -6.77237805
          0,           0,          82,      -5.197398872,      -2.514419946,      -2.561625251,      0.2946563948,      -6.791057637
          0,           0,          83,      -5.213116268,      -2.536047835,      -2.576245418,      0.2789349642,      -6.808789234
          0,           0,          84,       -5.23479442,      -2.560755212,      -2.593327597,      0.2573114302,      -6.828172908
          0,           0,          85,      -5.255698617,      -2.585680232,      -2.609747942,      0.2363611613,      -6.850844318
          0,           0,          86,      -5.266582147,      -2.600290058,      -2.621301098,      0.2260118178,      -6.868351405
          0,           0,          87,      -5.280228012,      -2.612867313,      -2.633335579,      0.2132929918,      -6.883487703
          0,           0,          88,      -5.292876657,      -2.626602658,      -2.645929437,      0.2011727683,      -6.901779475
          0,           0,          89,      -5.308548777,      -2.643284189,      -2.661407209,      0.1858455902,      -6.923365278
          0,           0,          90,      -5.325058179,      -2.661366877,      -2.679202631,      0.1695730438,      -6.945211862
          0,           0,          91,       -5.34342169,       -2.68062114,      -2.699108143,      0.1513337813,      -6.965602988
          0,           0,          92,       -5.36434655,      -2.701802076,       -2.71976283,      0.1304234114,      -6.984504349
          0,           0,          93,      -5.385513152,      -2.725991728,      -2.738814953,      0.1090060672,      -7.002853494
          0,           0,          94,      -5.406386951,      -2.754415658,      -2.755021281,     0.08746372999,      -7.025246351
          0,           0,          95,      -5.429149722,      -2.783209243,      -2.769535255,     0.06403617544,      -7.046456453
          0,           0,          96,      -5.436546171,      -2.804863857,       -2.77801846,     0.05602533368,      -7.066651322
          0,           0,          97,      -5.439435822,      -2.824303208,      -2.785403946,     0.05258366691,      -7.088051291
          0,           0,          98,      -5.443899912,      -2.844906385,      -2.794090207,     0.04740381776,      -7.110170975
          0,           0,          99,      -5.449536087,       -2.86533599,      -2.805066988,     0.04114922126,      -7.131651759
          0,           0,         100,      -5.457781302,      -2.885898161,      -2.818153818,     0.03249690791,      -7.152472948
          0,           0,         101,      -5.470139007,      -2.906809921,      -2.832958966,     0.01993114827,      -7.172800624
          0,           0,         102,      -5.486740212,      -2.928902755,      -2.848890231,    0.003241529224,      -7.192093391
          0,           0,         103,      -5.508434169,      -2.954033125,      -2.865592493,    -0.01854477423,      -7.212278093
          0,           0,         104,       -5.52992701,      -2.980742226,      -2.881058058,    -0.04033260903,       -7.23582861
          0,           0,         105,      -5.540530522,      -2.997283636,        -2.8907775,    -0.05085690266,      -7.255023573
          0,           0,         106,      -5.553132015,      -3.011212543,      -2.901159997,    -0.06304213835,      -7.272674743
          0,           0,         107,      -5.565520302,      -3.025700117,        -2.9135297,    -0.07521783957,      -7.293394416
          0,           0,         108,       -5.58101409,      -3.044344875,      -2.929774181,    -0.09064442072,      -7.317239813
          0,           0,         109,      -5.597089152,      -3.064035718,      -2.948973783,      -0.106653999,      -7.340953916
          0,           0,         110,      -5.614546119,      -3.084090907,      -2.970182815,     -0.1240392127,      -7.363197593
          0,           0,         111,      -5.634585049,      -3.105154862,       -2.99174795,     -0.1440043718,      -7.384406281
          0,           0,         112,      -5.656015076,      -3.127888299,      -3.011771042,     -0.1654300998,        -7.4038543
          0,           0,         113,      -5.675938666,      -3.154108967,       -3.02819452,      -0.185708906,      -7.427400569
          0,           0,         114,      -5.698391526,      -3.185565579,       -3.04215226,     -0.2087784153,      -7.450417166
          0,           0,         115,       -5.70808736,      -3.209066815,      -3.050420277,     -0.2189146674,      -7.472099658
          0,           0,         116,      -5.712698414,      -3.227921828,      -3.058351405,     -0.2238776684,      -7.495057764
          0,           0,         117,      -5.720526496,       -3.25012063,      -3.069254453,     -0.2322583687,      -7.518792582
          0,           0,         118,      -5.728803321,      -3.270697597,      -3.083541954,     -0.2409453624,      -7.541948454
          0,           0,         119,      -5.739254687,      -3.291019403,      -3.100158629,     -0.2516248537,      -7.564628082
          0,           0,         120,      -5.753171233,      -3.311369247,      -3.117917827,     -0.2656330069,      -7.586802574
          0,           0,         121,        -5.7706426,      -3.332465994,      -3.135487605,     -0.2831183791,       -7.60783974
          0,           0,         122,       -5.79235231,      -3.356028599,      -3.152314793,     -0.3048691077,      -7.628333316
          0,           0,         123,      -5.815603798,      -3.383658936,      -3.167622484,     -0.3284367893,      -7.652750259
          0,           0,         124,      -5.827124775,      -3.402982294,      -3.176214588,     -0.3402060237,      -7.673895787
          0,           0,         125,      -5.838249364,      -3.417320729,      -3.184695144,     -0.3512514802,      -7.693206592
          0,           0,         126,      -5.850160505,      -3.431737581,      -3.196357393,     -0.3631954959,      -7.715250103
          0,           0,         127,      -5.865207336,      -3.451730187,      -3.212922487,     -0.3784088575,      -7.740132589
          0,           0,         128,      -5.880755987,      -3.472229649,      -3.233237439,     -0.3940170078,      -7.764423867
          0,           0,         129,      -5.897460984,      -3.491934566,       -3.25565901,     -0.4106746905,      -7.787762505
          0,           0,         130,      -5.916437481,      -3.512035168,      -3.277924646,     -0.4295417187,      -7.811008367
          0,           0,         131,      -5.937694584,      -3.533070542,      -3.298388993,     -0.4506422021,      -7.833253634
          0,           0,         132,      -5.959651847,      -3.556251101,      -3.315762509,     -0.4726157859,      -7.857548161
          0,           0,         133,      -5.981158996,      -3.586834741,      -3.329463183,      -0.494538187,      -7.883033527
          0,           0,         134,      -5.992578831,      -3.611797598,      -3.337531191,     -0.5062700758,      -7.907291215
          0,           0,         135,      -5.998048334,      -3.627839658,      -3.345028524,     -0.5119272329,      -7.932330114
          0,           0,         136,      -6.008075795,      -3.651371673,      -3.356836703,     -0.5224029974,       -7.95775937
          0,           0,         137,      -6.017836611,      -3.670623658,      -3.373050606,     -0.5324066661,      -7.982662656
          0,           0,         138,      -6.029497933,      -3.688570126,      -3.392234671,     -0.5441165192,      -8.007244484
          0,           0,         139,      -6.044361882,      -3.706453281,      -3.412565201,        -0.5589208,      -8.031210139
          0,           0,         140,      -6.062496539,      -3.724929365,      -3.431951536,     -0.5769376254,      -8.053844875
          0,           0,         141,      -6.084105651,      -3.744974217,      -3.449380945,     -0.5984383923,      -8.074268014
          0,           0,         142,      -6.108750891,      -3.770330053,      -3.464825338,     -0.6232352876,      -8.098512534
          0,           0,         143,      -6.123572825,        -3.7945531,      -3.473669333,     -0.6384846814,      -8.120866433
          0,           0,         144,       -6.13267017,      -3.807970227,       -3.47996366,     -0.6476631763,      -8.140367552
          0,           0,         145,      -6.143897683,      -3.820972691,      -3.490332392,     -0.6590761867,      -8.162258351
          0,           0,         146,      -6.158557085,      -3.841050365,      -3.506749267,     -0.6740330559,      -8.186102391
          0,           0,         147,      -6.173505042,      -3.860638597,      -3.527676222,     -0.6891036963,       -8.21020552
          0,           0,         148,       -6.18964644,      -3.877731655,      -3.551220774,     -0.7051823101,      -8.234387764
          0,           0,         149,      -6.208010841,      -3.895468869,      -3.574655085,     -0.7233852218,      -8.259088423
          0,           0,         150,      -6.228477659,      -3.913354685,      -3.595834814,     -0.7435707411,      -8.283637596
          0,           0,         151,      -6.251211153,      -3.932270834,      -3.613799854,     -0.7660828472,      -8.308790889
          0,           0,         152,      -6.275388578,      -3.963463513,      -3.628061972,     -0.7905082216,      -8.335009885
          0,           0,         153,      -6.287766097,      -3.989131669,      -3.635719078,     -0.8031010877,      -8.360538605
          0,           0,         154,      -6.293037108,      -3.999592038,      -3.642171806,     -0.8084042808,       -8.38703708
          0,           0,         155,      -6.304577298,      -4.025373755,      -3.653801412,     -0.8203919725,      -8.413639256
          0,           0,         156,      -6.315298248,      -4.043700764,      -3.670851306,     -0.8313081653,      -8.439709781
          0,           0,         157,      -6.327390215,      -4.058174975,      -3.691675617,     -0.8433456591,      -8.465865604
          0,           0,         158,       -6.34262591,      -4.072625402,      -3.714090066,     -0.8584121687,      -8.491488665
          0,           0,         159,      -6.361151681,      -4.087954053,      -3.735367959,     -0.8767059326,      -8.515334615
          0,           0,         160,      -6.382679541,      -4.104230995,      -3.753882645,     -0.8979717752,      -8.535752123
          0,           0,         161,      -6.407415811,      -4.123765013,       -3.76941319,     -0.9226117367,      -8.558059689
          0,           0,         162,      -6.427280834,      -4.153982642,      -3.779655845,     -0.9429467497,      -8.580700362
          0,           0,         163,      -6.434827349,      -4.167713243,       -3.78397518,     -0.9506702491,      -8.599600725
          0,           0,         164,      -6.444840479,      -4.177632374,      -3.792517042,     -0.9609097045,      -8.619616325
          0,           0,         165,       -6.45953019,      -4.199403862,      -3.808342748,     -0.9760081381,      -8.641419982
          0,           0,         166,      -6.473802289,      -4.216930445,      -3.829391125,     -0.9904279334,      -8.665444212
          0,           0,         167,      -6.489270017,      -4.230745541,      -3.853740969,      -1.005811633,      -8.690121349
          0,           0,         168,      -6.507306062,      -4.246058232,      -3.878522134,      -1.023647799,      -8.715350524
          0,           0,         169,      -6.527186964,      -4.260949171,      -3.900814013,      -1.043168767,      -8.740995066
          0,           0,         170,      -6.549841505,      -4.275034306,      -3.919531372,      -1.065383058,      -8.765445595
          0,           0,         171,       -6.57492683,      -4.300530673,      -3.934276922,      -1.090492469,      -8.790965706
          0,           0,         172,      -6.592463634,      -4.338172812,      -3.942250109,      -1.108378919,      -8.815550919
          0,           0,         173,      -6.595098033,      -4.337288144,      -3.947034445,      -1.110858731,      -8.841157849
          0,           0,         174,      -6.608065514,      -4.367172393,      -3.957802493,      -1.124335106,      -8.867465127
          0,           0,         175,      -6.619510969,      -4.386120716,      -3.974957734,      -1.136023571,      -8.893955349
          0,           0,         176,      -6.631705146,      -4.398472775,      -3.996675395,       -1.14814885,      -8.920748126
          0,           0,         177,       -6.64694611,       -4.40973809,      -4.020722132,      -1.163155116,      -8.947408584
          0,           0,         178,      -6.665541669,      -4.422848712,      -4.043791697,      -1.181445432,      -8.971915113
          0,           0,         179,      -6.686969481,      -4.436223199,      -4.063694239,       -1.20247866,      -8.992178711
          0,           0,         180,      -6.711189699,       -4.45014089,      -4.079510368,      -1.226359554,      -9.011273554
          0,           0,         181,      -6.735328983,      -4.482110984,      -4.091191328,       -1.25084561,      -9.032933992
          0,           0,         182,      -6.743639077,      -4.501540276,      -4.094554285,      -1.259466375,      -9.050932216
          0,           0,         183,      -6.751639676,      -4.507212747,      -4.100913995,      -1.267657667,      -9.067556718
          0,           0,         184,      -6.766533826,      -4.532041358,      -4.115692953,      -1.283067351,      -9.086420932
          0,           0,         185,      -6.780298083,      -4.548838099,      -4.136469903,      -1.297024898,      -9.110327635
          0,           0,         186,      -6.795063575,      -4.560359562,      -4.161261837,      -1.311703499,      -9.135078913
          0,           0,         187,      -6.812704961,      -4.573605016,      -4.187224752,      -1.329121014,      -9.159923249
          0,           0,         188,      -6.832319732,      -4.587071968,      -4.210780818,      -1.348349042,      -9.185149427
          0,           0,         189,      -6.854645358,      -4.598448896,      -4.230443705,      -1.370098822,      -9.208164197
          0,           0,         190,      -6.879004325,      -4.613539642,      -4.245529964,      -1.394151129,      -9.231427352
          0,           0,         191,      -6.902690334,      -4.663548293,      -4.254641237,      -1.418343489,      -9.253826491
          0,           0,         192,      -6.903750795,      -4.658448034,      -4.257665711,      -1.419230311,      -9.276067069
          0,           0,         193,       -6.91651813,      -4.686937344,      -4.267066596,      -1.432495336,      -9.299797624
          0,           0,         194,      -6.928956527,      -4.710227129,      -4.283714161,      -1.445324053,       -9.32606602
          0,           0,         195,      -6.941112332,       -4.72163706,      -4.305798938,      -1.457447337,      -9.353206911
          0,           0,         196,      -6.956049248,      -4.730962683,      -4.330900966,      -1.472138535,      -9.380152986
          0,           0,         197,      -6.974533806,       -4.74289505,      -4.355554473,      -1.490281997,      -9.405044604
          0,           0,         198,      -6.995699111,      -4.754539315,      -4.376880213,      -1.510966981,      -9.425060731
          0,           0,         199,      -7.019507405,        -4.7653317,      -4.393433407,      -1.534248401,      -9.440977368
          0,           0,         200,      -7.045565799,      -4.792889101,      -4.405957535,      -1.560395278,       -9.45995672
          0,           0,         201,      -7.057534327,      -4.822580889,      -4.409755278,      -1.572834868,      -9.476688986
          0,           0,         202,      -7.063043653,      -4.824366499,      -4.413855713,      -1.578494373,      -9.489824255
          0,           0,         203,      -7.077894388,      -4.851257484,      -4.427171091,      -1.593934666,      -9.504900576
          0,           0,         204,      -7.091484683,      -4.869725114,      -4.447330504,      -1.607813212,      -9.528523531
          0,           0,         205,      -7.105604042,      -4.880080184,      -4.472194838,        -1.6218685,       -9.55347739
          0,           0,         206,      -7.122706372,      -4.891683277,      -4.498996152,      -1.638740398,      -9.577807071
          0,           0,         207,      -7.142196788,      -4.904805156,        -4.5237873,      -1.657847771,      -9.601909295
          0,           0,         208,      -7.163964414,      -4.915034843,      -4.544447633,      -1.678985727,      -9.623154786
          0,           0,         209,      -7.187545571,      -4.922473889,      -4.560016829,      -1.701973208,      -9.643155141
          0,           0,         210,      -7.215328329,        -4.9738064,      -4.570579028,      -1.730222937,      -9.663192998
          0,           0,         211,      -7.218175867,      -4.978789249,      -4.572492979,      -1.733104369,      -9.681738822
          0,           0,         212,      -7.228300447,      -4.997041874,       -4.58006167,      -1.743605581,       -9.70090293
          0,           0,         213,      -7.242233648,      -5.027992322,       -4.59578451,      -1.758137027,      -9.725790089
          0,           0,         214,      -7.254243995,      -5.038737205,      -4.617760018,      -1.770174089,      -9.753294587
          0,           0,         215,      -7.268724952,      -5.047768985,      -4.643313869,      -1.784454803,      -9.780213712
          0,           0,         216,      -7.286984807,      -5.058915956,       -4.66923583,      -1.802365824,      -9.805411681
          0,           0,         217,      -7.307691624,      -5.069828928,      -4.691838581,       -1.82256518,      -9.825436174
          0,           0,         218,      -7.331263801,      -5.079438686,      -4.709514977,      -1.845490819,      -9.839277835
          0,           0,         219,      -7.357317422,      -5.099448871,      -4.722524945,      -1.871331675,       -9.85494435
          0,           0,         220,      -7.374564813,      -5.139177474,      -4.727821846,      -1.889153352,      -9.870517879
          0,           0,         221,      -7.378051219,      -5.140087048,      -4.729949811,      -1.892806239,      -9.881702744
          0,           0,         222,      -7.392132257,      -5.165906493,      -4.741452327,       -1.90749199,      -9.893146021
          0,           0,         223,      -7.405918176,      -5.187982387,      -4.760702303,      -1.921698722,      -9.916623502
          0,           0,         224,      -7.419487303,      -5.197898259,      -4.785274452,      -1.935246528,      -9.942727065
          0,           0,         225,      -7.435945945,      -5.208399664,      -4.812487337,      -1.951490834,      -9.967510312
          0,           0,         226,      -7.455272606,      -5.221416695,      -4.838332486,      -1.970452462,      -9.991367154
          0,           0,         227,      -7.476408346,      -5.231383026,      -4.859949594,      -1.990964055,      -10.01161478
          0,           0,         228,      -7.499585808,      -5.235360425,      -4.876276238,      -2.013368432,      -10.02839204
          0,           0,         229,      -7.528682107,      -5.278760581,      -4.888022227,      -2.042715702,      -10.04670367
          0,           0,         230,      -7.536271349,      -5.301695115,      -4.889937084,      -2.050632099,      -10.06383514
          0,           0,         231,      -7.542467537,      -5.306034308,      -4.895467351,      -2.057047615,      -10.07812191
          0,           0,         232,      -7.557961963,      -5.344361334,      -4.910037292,      -2.073321935,      -10.10062032
          0,           0,         233,      -7.569881848,      -5.355730549,      -4.931457601,       -2.08536238,      -10.12934448
          0,           0,         234,      -7.583887162,      -5.365282338,       -4.95702335,      -2.099241916,      -10.15722899
          0,           0,         235,      -7.601725624,      -5.375465904,      -4.983824734,       -2.11674238,      -10.18316615
          0,           0,         236,      -7.621920373,      -5.386306906,      -5.007525892,       -2.13644597,       -10.2041983
          0,           0,         237,      -7.645172253,      -5.395655285,      -5.026423924,      -2.158996787,      -10.21739415
          0,           0,         238,      -7.670447446,      -5.408324558,      -5.039982641,      -2.183791276,      -10.23016703
          0,           0,         239,      -7.692839363,      -5.454099733,      -5.047249644,      -2.206752385,      -10.24472949
          0,           0,         240,      -7.695697977,      -5.458827855,      -5.048027671,       -2.20986237,      -10.25564378
          0,           0,         241,        -7.7080171,      -5.479579765,      -5.057489669,      -2.222732811,      -10.26362253
          0,           0,         242,      -7.722354974,      -5.506546071,       -5.07562354,      -2.237637808,      -10.28641163
          0,           0,         243,      -7.735490514,      -5.516526071,      -5.099596443,      -2.250807955,      -10.31473072
          0,           0,         244,      -7.751276565,       -5.52650001,      -5.126829256,      -2.266416417,      -10.34135456
          0,           0,         245,      -7.770321971,      -5.539171937,      -5.153482039,      -2.285118284,      -10.36629504
          0,           0,         246,      -7.790862553,      -5.549343601,      -5.175972294,      -2.305074357,      -10.38674596
          0,           0,         247,      -7.813911355,      -5.552953799,      -5.193251212,      -2.327273393,      -10.40116735
          0,           0,         248,      -7.842333676,      -5.584693993,      -5.205801015,      -2.355661314,      -10.41801502
          0,           0,         249,      -7.855890531,       -5.62461625,      -5.208783291,      -2.369771041,      -10.43539144
          0,           0,         250,      -7.858432084,      -5.617693755,      -5.212350907,      -2.372413038,      -10.44554876
          0,           0,         251,      -7.874965025,      -5.660347561,      -5.225609196,      -2.389830696,      -10.46522225
          0,           0,         252,      -7.887015774,      -5.674277036,      -5.246167376,      -2.402131458,      -10.49590958
          0,           0,         253,      -7.900569085,        -5.6842597,      -5.271478728,      -2.415634725,      -10.52578074
          0,           0,         254,      -7.917795755,      -5.693373882,      -5.298771394,      -2.432550221,      -10.55326043
          0,           0,         255,      -7.937564927,      -5.704479333,      -5.323427255,      -2.451864636,      -10.57619032
          0,           0,         256,      -7.960284481,      -5.713895663,      -5.343445634,      -2.473880418,      -10.58982825
          0,           0,         257,       -7.98479979,      -5.721179327,      -5.357797598,      -2.497713227,      -10.59920478
          0,           0,         258,      -8.010884488,      -5.767547127,      -5.366927429,      -2.524255874,      -10.61320386
          0,           0,         259,      -8.014992824,      -5.780447141,      -5.367210186,      -2.528739025,      -10.62512037
          0,           0,         260,      -8.024762297,       -5.79331595,      -5.374574471,      -2.538959671,      -10.62905341
          0,           0,         261,      -8.039906428,      -5.825613501,      -5.391484304,      -2.554807064,      -10.65031998
          0,           0,         262,      -8.052740022,      -5.836195056,      -5.414669681,      -2.567742169,      -10.68150742
          0,           0,         263,      -8.067883919,      -5.846034445,      -5.441659303,      -2.582757221,      -10.71090589
          0,           0,         264,      -8.086531904,      -5.858007838,       -5.46888999,       -2.60108195,      -10.73793329
          0,           0,         265,      -8.106589922,      -5.868591211,      -5.492183515,      -2.620606794,      -10.75951592
          0,           0,         266,      -8.129538426,      -5.873434245,      -5.510454213,      -2.642701137,      -10.77239844
          0,           0,         267,      -8.156470686,      -5.893494961,      -5.523654467,      -2.669315006,      -10.78756625
          0,           0,         268,      -8.175994059,      -5.945553629,       -5.52845689,      -2.689498919,      -10.80531573
          0,           0,         269,      -8.176036053,      -5.933798217,      -5.530288272,      -2.689611319,      -10.81226706
          0,           0,         270,      -8.192508762,      -5.975715924,      -5.542095243,      -2.706973349,       -10.8285432
          0,           0,         271,      -8.205005673,      -5.994081571,      -5.561606218,      -2.719871658,      -10.86113432
          0,           0,         272,      -8.218171918,      -6.004070633,      -5.586477473,        -2.7330479,      -10.89383882
          0,           0,         273,      -8.234705015,      -6.012414509,      -5.613923097,      -2.749310047,      -10.92378048
          0,           0,         274,      -8.254143294,      -6.023876674,      -5.639399803,      -2.768334908,      -10.94942866
          0,           0,         275,      -8.276182568,      -6.033465976,      -5.660393295,      -2.789701287,      -10.96357121
          0,           0,         276,      -8.300181709,        -6.0378094,      -5.675727635,      -2.812891167,      -10.97008377
          0,           0,         277,      -8.328109243,      -6.079788308,      -5.686330659,      -2.841087631,      -10.98304155
          0,           0,         278,      -8.335227046,      -6.103467316,      -5.687018286,      -2.848705784,      -10.99564024
          0,           0,         279,      -8.342100117,      -6.107733928,      -5.692378026,      -2.855914174,       -10.9949934
          0,           0,         280,      -8.358071491,      -6.144679194,      -5.707996863,      -2.872694609,       -11.0137951
          0,           0,         281,      -8.370755444,       -6.15664216,      -5.730287086,      -2.885560725,      -11.04832104
          0,           0,         282,      -8.385319653,      -6.166467482,      -5.756889386,      -2.900046807,      -11.08111566
          0,           0,         283,      -8.403452351,      -6.177463474,      -5.784497067,      -2.917876231,      -11.11092518
          0,           0,         284,      -8.423183312,      -6.188551782,      -5.808561228,      -2.937123927,      -11.13484856
          0,           0,         285,      -8.445858756,      -6.195006393,       -5.82775993,       -2.95898197,      -11.14656548
          0,           0,         286,       -8.47131759,      -6.205474248,      -5.841644906,      -2.983874938,      -11.15857273
          0,           0,         287,      -8.495841841,        -6.2631519,      -5.848581953,      -3.009047957,      -11.17609748
          0,           0,         288,      -8.495316199,       -6.25505375,       -5.84912382,      -3.008670746,      -11.18177374
          0,           0,         289,      -8.510258416,      -6.290231488,      -5.859320093,      -3.024408661,      -11.19283416
          0,           0,         290,      -8.523527286,      -6.314432905,      -5.877688813,      -3.038235032,      -11.22579182
          0,           0,         291,       -8.53637188,       -6.32413895,      -5.901955121,      -3.051134015,      -11.26243974
          0,           0,         292,      -8.552233468,      -6.332346033,      -5.929285248,      -3.066776264,      -11.29618658
          0,           0,         293,      -8.571379119,      -6.343961413,      -5.955467149,      -3.085544627,      -11.32539015
          0,           0,         294,      -8.592678952,      -6.353732586,      -5.977318213,       -3.10621995,      -11.34115441
          0,           0,         295,       -8.61637656,      -6.357428814,      -5.993712803,      -3.129052303,      -11.34442823
          0,           0,         296,      -8.644537187,      -6.391304999,      -6.005400524,      -3.157242688,       -11.3548135
          0,           0,         297,      -8.655995585,        -6.4264418,      -6.007294511,      -3.169303727,      -11.36723961
          0,           0,         298,      -8.660113032,      -6.423779155,      -6.010821925,       -3.17366372,      -11.36249834
          0,           0,         299,      -8.676534585,      -6.463076087,      -6.025057356,      -3.190946962,      -11.37739212
          0,           0,         300,      -8.689267031,      -6.477548588,      -6.046365438,      -3.203960202,      -11.41486758
          0,           0,         301,      -8.703316729,      -6.487297293,      -6.072475102,      -3.217977691,      -11.45164378
          0,           0,         302,       -8.72084095,       -6.49724821,      -6.100278901,      -3.235221289,      -11.48511237
          0,           0,         303,      -8.740353317,      -6.508847025,      -6.125089018,      -3.254295606,      -11.51237768
          0,           0,         304,      -8.762557115,      -6.516676409,      -6.145147882,      -3.275738028,      -11.52311861
          0,           0,         305,      -8.786900915,      -6.520589647,      -6.159810514,      -3.299324693,      -11.53062548
          0,           0,         306,      -8.814848011,      -6.577473583,      -6.168775974,      -3.327812451,      -11.54729439
          0,           0,         307,      -8.815865999,      -6.579898904,      -6.168696117,      -3.329123248,      -11.55369868
          0,           0,         308,      -8.828061784,      -6.603963453,      -6.177123073,      -3.341956661,      -11.55695055
          0,           0,         309,      -8.842377804,      -6.634602853,      -6.194309908,      -3.356975013,       -11.5877097
          0,           0,         310,       -8.85494789,      -6.644242496,        -6.2178255,      -3.369643307,       -11.6294098
          0,           0,         311,      -8.870194227,      -6.652843988,      -6.244866207,      -3.384729637,      -11.66845253
          0,           0,         312,      -8.888995694,      -6.664156719,      -6.271649811,      -3.403181285,      -11.70226123
          0,           0,         313,       -8.90960515,      -6.674142785,      -6.294304091,      -3.423220489,      -11.72094431
          0,           0,         314,      -8.933075734,      -6.678800641,      -6.311755629,      -3.445825481,      -11.72042672
          0,           0,         315,      -8.960441492,      -6.702710597,        -6.3242923,      -3.472958457,      -11.72639512
          0,           0,         316,        -8.9769115,        -6.7478402,      -6.327990147,      -3.490088099,      -11.73812298
          0,           0,         317,      -8.978962701,      -6.742287762,      -6.329918366,      -3.492348514,      -11.73063228
          0,           0,         318,       -8.99506517,      -6.780276271,      -6.342619628,       -3.50929891,      -11.73911295
          0,           0,         319,      -9.008063224,      -6.798429589,      -6.362857686,      -3.522692205,      -11.77800223
          0,           0,         320,      -9.021665917,      -6.808039173,      -6.388368637,       -3.53630242,      -11.81961891
          0,           0,         321,      -9.038533981,      -6.817181314,      -6.416193089,      -3.552919337,      -11.85785695
          0,           0,         322,      -9.057876778,      -6.829176164,      -6.441728508,      -3.571863336,      -11.88960418
          0,           0,         323,      -9.079456726,      -6.837935985,      -6.462603505,      -3.592744915,      -11.90046738
          0,           0,         324,      -9.103122089,      -6.838671917,      -6.478129227,      -3.615531846,      -11.90203774
          0,           0,         325,      -9.132683012,      -6.889272444,      -6.488733255,      -3.645449804,      -11.91656364
          0,           0,         326,      -9.137120225,      -6.905948501,      -6.488861212,      -3.650338641,      -11.92465079
          0,           0,         327,      -9.145820093,      -6.916951589,      -6.495386623,      -3.659488727,      -11.91839376
          0,           0,         328,      -9.161373073,      -6.954017454,      -6.511354201,      -3.675869596,      -11.94477914
          0,           0,         329,      -9.173763171,      -6.964381168,      -6.534009123,      -3.688417749,      -11.99212491
          0,           0,         330,      -9.188427895,      -6.973501235,      -6.560673281,      -3.702983435,       -12.0374031
          0,           0,         331,      -9.206764764,      -6.984011181,      -6.587951697,      -3.720992082,       -12.0767028
          0,           0,         332,      -9.226836526,      -6.994323159,      -6.611418288,      -3.740546023,      -12.09998462
          0,           0,         333,      -9.249984163,      -7.000539363,      -6.629883549,      -3.762862274,      -12.09573413
          0,           0,         334,       -9.27616265,      -7.014834976,      -6.643192858,      -3.788554593,      -12.09504277
          0,           0,         335,      -9.297591143,      -7.066598298,      -6.649034122,       -3.81063702,      -12.10564844
          0,           0,         336,      -9.298698171,      -7.063332303,      -6.649681623,      -3.811989919,      -12.09790655
          0,           0,         337,      -9.313498522,      -7.095927483,      -6.660658073,      -3.827559935,      -12.09695492
          0,           0,         338,      -9.327020915,      -7.118870773,      -6.679747255,      -3.841603935,      -12.13441931
          0,           0,         339,      -9.340247245,      -7.128389921,      -6.704556228,      -3.854874881,      -12.18156452
          0,           0,         340,      -9.356458907,        -7.1371819,      -6.732244109,      -3.870874633,       -12.2258952
          0,           0,         341,      -9.375613468,      -7.149273167,       -6.75847709,      -3.889661673,      -12.26335843
          0,           0,         342,      -9.396532402,      -7.158617054,      -6.780159214,      -3.909945135,      -12.27632892
          0,           0,         343,       -9.41985767,      -7.159192924,      -6.796596456,      -3.932343762,      -12.27085244
          0,           0,         344,      -9.449352243,      -7.199325912,      -6.808370048,      -3.961950199,       -12.2814052
          0,           0,         345,      -9.458752798,      -7.231291721,      -6.809594392,      -3.971942556,      -12.29122987
          0,           0,         346,      -9.463729147,      -7.230163539,      -6.814132661,      -3.977196907,      -12.27540218
          0,           0,         347,      -9.480367272,      -7.272179106,      -6.828804608,      -3.994749606,       -12.2957301
          0,           0,         348,      -9.492751112,      -7.284533867,      -6.850504096,      -4.007377392,      -12.34823157
          0,           0,         349,      -9.506874404,      -7.294009242,      -6.876737837,      -4.021458154,      -12.39976083
          0,           0,         350,      -9.524620684,       -7.30343365,      -6.904378841,      -4.038897701,      -12.44502322
          0,           0,         351,      -9.544327519,      -7.314200337,      -6.928685564,      -4.058134673,      -12.47462713
          0,           0,         352,      -9.566992201,      -7.321824041,      -6.948125336,      -4.080018787,      -12.46834971
          0,           0,         353,      -9.592038433,      -7.328648182,      -6.962231115,      -4.104366753,      -12.45886574
          0,           0,         354,      -9.617610374,      -7.382360414,      -6.970227383,      -4.130513645,      -12.46766589
          0,           0,         355,      -9.619279276,      -7.386385067,      -6.970104285,      -4.132519742,      -12.46230073
          0,           0,         356,      -9.631761234,      -7.409946049,      -6.979157476,      -4.145639993,      -12.44955101
          0,           0,         357,      -9.646128382,      -7.438727348,      -6.997038645,       -4.16066286,      -12.48232219
          0,           0,         358,      -9.659050539,      -7.448385254,      -7.021055957,      -4.173671348,      -12.53527484
          0,           0,         359,      -9.674626324,      -7.457261868,      -7.048484739,      -4.189083834,      -12.58659516
          0,           0,         360,      -9.693511361,      -7.469007735,      -7.075363131,      -4.207624284,        -12.630658
          0,           0,         361,      -9.713851699,       -7.47879943,      -7.097872429,      -4.227388022,      -12.64834006
          0,           0,         362,      -9.736984029,      -7.481145824,      -7.115244138,      -4.249604354,      -12.63589554
          0,           0,         363,      -9.765285454,      -7.508865096,      -7.127849848,      -4.277736937,      -12.64005071
          0,           0,         364,      -9.780493331,      -7.554266113,      -7.130893898,      -4.293628249,      -12.65093084
          0,           0,         365,      -9.782356287,      -7.545758814,      -7.133515874,       -4.29567088,       -12.6286365
          0,           0,         366,      -9.799281104,      -7.588690569,      -7.146740822,      -4.313526029,      -12.64064989
          0,           0,         367,      -9.811911345,      -7.604704765,      -7.167375719,      -4.326515526,      -12.69540068
          0,           0,         368,      -9.825564511,      -7.614219279,      -7.193102745,       -4.34017188,      -12.75257363
          0,           0,         369,      -9.842636997,      -7.622714703,      -7.220925672,      -4.356966028,      -12.80428189
          0,           0,         370,      -9.862109965,      -7.633982414,      -7.246081295,      -4.376011988,      -12.84185491
          0,           0,         371,      -9.884146227,      -7.642562316,      -7.266463783,      -4.397325167,       -12.8366142
          0,           0,         372,      -9.908345342,      -7.645021761,      -7.281435807,      -4.420679651,      -12.81682723
          0,           0,         373,      -9.936552236,      -7.695338845,      -7.291267911,      -4.449304164,      -12.82290097
          0,           0,         374,      -9.940618727,      -7.710646358,      -7.291145159,      -4.453827838,      -12.82137527
          0,           0,         375,      -9.949928322,      -7.722853731,      -7.298113436,      -4.463611877,      -12.79648381
          0,           0,         376,       -9.96540218,      -7.757961727,      -7.314730815,      -4.479871065,      -12.82234894
          0,           0,         377,      -9.978112739,      -7.768332086,      -7.337872479,       -4.49272475,      -12.88055909
          0,           0,         378,      -9.993075546,      -7.777504808,      -7.364950608,      -4.507578201,      -12.93853271
          0,           0,         379,      -10.01156168,       -7.78844277,       -7.39237963,      -4.525737469,      -12.98929925
          0,           0,         380,      -10.03147329,      -7.798708588,      -7.415749157,      -4.545125692,      -13.01421694
          0,           0,         381,       -10.0543692,      -7.803422427,      -7.434070335,      -4.567151396,      -12.99640691
          0,           0,         382,      -10.08106844,      -7.819449437,      -7.447379806,      -4.593404602,      -12.99183546
          0,           0,         383,      -10.10196511,      -7.873753264,      -7.452651514,      -4.615000768,      -13.00294237
          0,           0,         384,      -10.10217257,      -7.865275053,      -7.453660817,      -4.615396315,      -12.98014436
          0,           0,         385,      -10.11811067,      -7.903641985,      -7.465220528,       -4.63219672,      -12.98043068
          0,           0,         386,      -10.13126849,      -7.924794559,      -7.484681581,       -4.64584929,      -13.03213064
          0,           0,         387,      -10.14452817,      -7.934153322,      -7.509778745,        -4.6591486,      -13.09424689
          0,           0,         388,      -10.16091561,      -7.942272649,      -7.537571477,      -4.675297919,      -13.15312466
          0,           0,         389,      -10.18019445,      -7.953857888,      -7.563541818,      -4.694185853,      -13.19960017
          0,           0,         390,       -10.2015351,      -7.963023127,      -7.584840509,      -4.714863858,      -13.19950823
          0,           0,         391,      -10.22521146,      -7.964269983,      -7.600752148,      -4.737624595,      -13.16990709
          0,           0,         392,      -10.25425006,      -8.006210386,      -7.611940485,       -4.76684908,       -13.1712141
          0,           0,         393,      -10.26252121,      -8.034981319,      -7.612721356,      -4.775699296,       -13.1731451
          0,           0,         394,      -10.26830926,      -8.036167488,      -7.617559473,       -4.78180445,      -13.13872909
          0,           0,         395,       -10.2847824,      -8.076313981,      -7.632817418,      -4.799158782,      -13.15650505
          0,           0,         396,      -10.29743154,      -8.088531629,      -7.654983046,      -4.812033205,      -13.21806233
          0,           0,         397,      -10.31181905,      -8.097919449,      -7.681626084,      -4.826363919,      -13.28119178
          0,           0,         398,      -10.32975744,      -8.107782941,      -7.709451426,      -4.843994165,       -13.3380058
          0,           0,         399,      -10.34939428,        -8.1186037,      -7.733703914,      -4.863155859,      -13.37204297
          0,           0,         400,      -10.37189493,      -8.125340975,      -7.752982041,      -4.884847062,        -13.352396
          0,           0,         401,        -10.397132,      -8.132416875,      -7.767023136,      -4.909402683,      -13.33732466
          0,           0,         402,      -10.42272746,         -8.189731,      -7.774585931,      -4.935628025,       -13.3476373
          0,           0,         403,      -10.42315131,      -8.188335642,      -7.774521214,      -4.936334618,      -13.33023581
          0,           0,         404,      -10.43682887,      -8.217350597,      -7.784187928,      -4.950737822,      -13.31606468
          0,           0,         405,      -10.45082412,      -8.244664724,      -7.802396074,      -4.965370378,      -13.35955377
          0,           0,         406,      -10.46374853,      -8.253984005,      -7.826719225,      -4.978371402,      -13.42586226
          0,           0,         407,      -10.47948039,      -8.262320084,      -7.854290757,      -4.993917238,      -13.49199959
          0,           0,         408,      -10.49850581,      -8.273798936,      -7.880994462,      -5.012578942,      -13.54725357
          0,           0,         409,      -10.51918817,      -8.283379847,      -7.903194853,      -5.032659019,      -13.55638147
          0,           0,         410,      -10.54256249,      -8.285759901,      -7.920100004,      -5.055113591,      -13.51935184
          0,           0,         411,      -10.57096534,       -8.31622667,      -7.932253497,      -5.083421029,      -13.51317658
          0,           0,         412,        -10.584625,      -8.357861313,      -7.934712311,      -5.097750616,      -13.51723715
          0,           0,         413,      -10.58737996,      -8.351969128,      -7.937566832,      -5.100725494,      -13.47901597
          0,           0,         414,      -10.60414152,      -8.393402675,      -7.951299887,      -5.118395539,      -13.48686601
          0,           0,         415,      -10.61694659,      -8.408997954,      -7.972367806,      -5.131537244,      -13.54787046
          0,           0,         416,      -10.63081836,      -8.418393237,      -7.998460757,      -5.145397218,       -13.6145135
          0,           0,         417,      -10.64809797,      -8.427283041,      -8.026475554,      -5.162394399,      -13.67678463
          0,           0,         418,      -10.66756613,      -8.438667078,      -8.051602954,      -5.181431263,      -13.72065954
          0,           0,         419,      -10.68949997,      -8.446771829,      -8.071829847,      -5.202621904,       -13.7043684
          0,           0,         420,      -10.71368095,       -8.44858901,      -8.086698504,      -5.225955676,      -13.67820234
          0,           0,         421,      -10.74227592,      -8.502752876,      -8.096256878,       -5.25502658,      -13.68612065
          0,           0,         422,      -10.74497052,      -8.513486222,      -8.095932557,      -5.258139866,      -13.67675454
          0,           0,         423,      -10.75537161,      -8.530071687,      -8.103521107,      -5.269085889,      -13.64818515
          0,           0,         424,       -10.7705179,      -8.564159342,      -8.120419194,      -5.285007841,        -13.681111
          0,           0,         425,      -10.78317713,      -8.573952344,      -8.143844367,      -5.297794781,      -13.75065368
          0,           0,         426,      -10.79828159,      -8.582809455,      -8.171058934,      -5.312772494,      -13.82255221
          0,           0,         427,      -10.81691178,      -8.593641469,      -8.198366378,      -5.331059946,      -13.88515986
          0,           0,         428,      -10.83706873,      -8.603661686,      -8.221474141,      -5.350671727,      -13.90625147
          0,           0,         429,      -10.86016645,       -8.60817483,      -8.239400009,      -5.372889332,        -13.865854
          0,           0,         430,      -10.88719705,      -8.626870544,      -8.252337572,      -5.399535525,      -13.84981666
          0,           0,         431,      -10.90650259,      -8.678042451,      -8.256974752,      -5.419539159,      -13.85476673
          0,           0,         432,      -10.90743275,      -8.671350993,      -8.258160753,      -5.420682806,      -13.81994837
          0,           0,         433,      -10.92335517,      -8.709097332,      -8.270158606,      -5.437462471,      -13.81495779
          0,           0,         434,      -10.93657091,      -8.729400308,      -8.290017359,      -5.451143348,      -13.87020274
          0,           0,         435,      -10.95001442,      -8.738759928,      -8.315424234,      -5.464616081,      -13.93930847
          0,           0,         436,      -10.96659467,      -8.747134305,      -8.343398721,      -5.480951226,      -14.00693529
          0,           0,         437,      -10.98591321,      -8.758907849,      -8.369350588,      -5.499875031,      -14.06022477
          0,           0,         438,      -11.00718109,      -8.767789764,      -8.390505685,       -5.52046737,      -14.05263248
          0,           0,         439,      -11.03075147,      -8.768019532,      -8.406291687,      -5.543105938,      -14.01647416
          0,           0,         440,      -11.06031602,      -8.813490211,      -8.417332337,      -5.572914711,      -14.01959624
          0,           0,         441,      -11.06727628,      -8.839057503,      -8.417741982,       -5.58043467,      -14.01750067
          0,           0,         442,      -11.07387567,      -8.842795108,      -8.423152514,      -5.587395228,      -13.97792819
          0,           0,         443,      -11.09020554,      -8.882874206,      -8.438677889,      -5.604608679,      -14.00039277
          0,           0,         444,      -11.10275485,      -8.894228533,      -8.461108024,      -5.617363826,      -14.07150274
          0,           0,         445,      -11.11724652,      -8.903509669,        -8.4878634,      -5.631786373,      -14.14649846
          0,           0,         446,       -11.1353416,      -8.913355892,      -8.515616639,      -5.649560794,      -14.21420237
          0,           0,         447,      -11.15512047,      -8.923834215,      -8.539630487,      -5.668844651,      -14.24820886
          0,           0,         448,      -11.17782536,       -8.93036196,       -8.55858336,      -5.690727172,      -14.20964016
          0,           0,         449,      -11.20342061,        -8.9395097,      -8.572298434,      -5.715688214,      -14.18244573
          0,           0,         450,      -11.22769982,      -8.995072218,      -8.579268887,      -5.740612492,      -14.18740466
          0,           0,         451,      -11.22842536,       -8.99393114,      -8.579283468,      -5.741627063,      -14.16162259
          0,           0,         452,      -11.24233733,      -9.023452542,      -8.589342756,      -5.756274503,       -14.1417026
          0,           0,         453,      -11.25627511,      -9.049564768,      -8.607915652,      -5.770819085,      -14.18678823
          0,           0,         454,      -11.26933812,       -9.05891116,      -8.632502039,      -5.783950529,      -14.25785058
          0,           0,         455,       -11.2852711,      -9.067393226,      -8.660255868,       -5.79968898,      -14.33053013
          0,           0,         456,      -11.30431577,      -9.078989048,       -8.68693181,      -5.818363058,      -14.39189922
          0,           0,         457,      -11.32499068,      -9.088480184,      -8.709011284,      -5.838427086,      -14.39694288
          0,           0,         458,      -11.34824114,      -9.089830976,      -8.725773234,      -5.860742017,      -14.35377419
          0,           0,         459,      -11.37716475,       -9.12320375,      -8.737845226,      -5.889619371,       -14.3493509
          0,           0,         460,      -11.38968582,      -9.163129213,      -8.739853301,      -5.902811877,      -14.35215025
          0,           0,         461,      -11.39279101,      -9.157367406,      -8.743166504,      -5.906140746,      -14.30777856
          0,           0,         462,      -11.40975627,      -9.200276912,      -8.757198722,      -5.924040866,      -14.31951761
          0,           0,         463,      -11.42241355,      -9.214729992,      -8.778521705,       -5.93700934,      -14.38885525
          0,           0,         464,        -11.436377,      -9.224190535,      -8.804739417,      -5.950955598,      -14.46468291
          0,           0,         465,      -11.45376312,      -9.232934276,      -8.832719131,      -5.968047416,      -14.53578705
          0,           0,         466,      -11.47332889,      -9.244049055,      -8.857629599,      -5.987169151,      -14.58196209
          0,           0,         467,       -11.4955024,      -9.251993696,      -8.877581265,      -6.008578162,      -14.55103221
          0,           0,         468,      -11.51995544,      -9.255095188,      -8.892154374,       -6.03221905,       -14.5129087
          0,           0,         469,      -11.54769954,      -9.309108959,      -8.901223591,      -6.060473087,      -14.51646084
          0,           0,         470,      -11.55016482,      -9.318489159,      -8.900846707,       -6.06334356,      -14.50151388
          0,           0,         471,      -11.56102978,      -9.336490263,      -8.908793774,      -6.074774963,      -14.46732942
          0,           0,         472,      -11.57605364,      -9.369339522,      -8.926042635,      -6.090547419,      -14.50084135
          0,           0,         473,      -11.58882226,      -9.379046123,      -8.949703013,      -6.103431888,      -14.57344049
          0,           0,         474,      -11.60406956,      -9.387981891,      -8.977080451,       -6.11854406,      -14.64972917
          0,           0,         475,      -11.62281395,      -9.399023359,      -9.004379047,      -6.136947283,      -14.71703627
          0,           0,         476,      -11.64293532,      -9.408966123,      -9.027356783,      -6.156514414,      -14.73650909
          0,           0,         477,      -11.66596773,      -9.412589435,      -9.045127772,      -6.178638421,      -14.69055671
          0,           0,         478,      -11.69336506,      -9.433390591,      -9.057995791,      -6.205704926,      -14.67633775
          0,           0,         479,      -11.71185639,         -9.484406,      -9.062178277,      -6.224906177,      -14.68186721
          0,           0,         480,      -11.71268744,      -9.475909144,      -9.063689576,      -6.225929264,      -14.64073292
          0,           0,         481,      -11.72909806,       -9.51618153,      -9.076044798,      -6.243238889,      -14.63946586
          0,           0,         482,      -11.74212443,      -9.535260773,      -9.096144764,      -6.256708622,      -14.70196024
          0,           0,         483,      -11.75559391,      -9.544506568,      -9.121698979,      -6.270197949,      -14.77770642
          0,           0,         484,      -11.77232358,       -9.55270119,      -9.149718984,      -6.286664463,      -14.85210321
          0,           0,         485,      -11.79171543,      -9.564468166,      -9.175447364,      -6.305659927,       -14.9086002
          0,           0,         486,      -11.81318913,      -9.573160166,       -9.19635823,       -6.32644004,      -14.89052718
          0,           0,         487,       -11.8369826,      -9.573768367,      -9.211895598,      -6.349315807,      -14.84341432
          0,           0,         488,      -11.86616386,      -9.620527326,      -9.222559011,      -6.378779146,      -14.84307132
          0,           0,         489,      -11.87239444,      -9.643789471,       -9.22274789,      -6.385557644,      -14.83709708
          0,           0,         490,      -11.87966584,      -9.649562272,      -9.228493136,      -6.393218383,       -14.7924688
          0,           0,         491,      -11.89579845,      -9.688316582,      -9.244355155,        -6.4102156,      -14.81499984
          0,           0,         492,      -11.90846981,      -9.699501251,      -9.267035643,      -6.423073812,      -14.88788222
          0,           0,         493,      -11.92307177,      -9.708755141,      -9.293943106,      -6.437597669,      -14.96578576
          0,           0,         494,      -11.94135172,      -9.719072704,      -9.321703995,      -6.455556274,      -15.03672895
          0,           0,         495,      -11.96110636,       -9.72945613,      -9.345573044,      -6.474805901,      -15.07038345
          0,           0,         496,      -11.98375706,      -9.735425238,      -9.364379529,      -6.496632009,      -15.02712314
          0,           0,         497,      -12.00957015,       -9.74561814,      -9.377992028,      -6.521839556,      -15.00214967
          0,           0,         498,      -12.03329957,      -9.801928888,      -9.384554443,      -6.546227022,      -15.00850456
          0,           0,         499,      -12.03363919,      -9.798345883,      -9.384766307,       -6.54684245,      -14.97717988
          0,           0,         500,      -12.04815941,      -9.830480322,      -9.395230446,      -6.562137204,      -14.96051864
          0,           0,         501,      -12.06184339,      -9.855223027,      -9.414027823,      -6.576385751,      -15.01154051
          0,           0,         502,      -12.07504174,      -9.864976385,      -9.438785591,      -6.589658318,      -15.08707355
          0,           0,         503,      -12.09106382,      -9.873092173,      -9.466581922,      -6.605467412,      -15.16474426
          0,           0,         504,      -12.11021075,      -9.884520046,      -9.493151901,      -6.624242301,      -15.22952979
          0,           0,         505,      -12.13108604,      -9.894304946,      -9.514952644,      -6.644496968,      -15.22745801
          0,           0,         506,      -12.15457084,      -9.895614945,      -9.531448851,      -6.667032274,      -15.17451616
          0,           0,         507,      -12.18331783,      -9.930836634,      -9.543260209,      -6.695805889,      -15.16757878
          0,           0,         508,      -12.19489416,      -9.968161332,      -9.544950163,      -6.708021232,      -15.16800819
          0,           0,         509,      -12.19853261,      -9.963709832,      -9.548562916,      -6.711917353,      -15.11937346
          0,           0,         510,      -12.21552507,      -10.00646394,      -9.562928077,      -6.729844546,      -15.13099874
          0,           0,         511,      -12.22802798,      -10.01964391,      -9.584460899,      -6.742611179,      -15.20140775
          0,           0,         512,      -12.24215946,      -10.02902938,      -9.610879311,      -6.756695343,      -15.27870871
          0,           0,         513,       -12.2599871,      -10.03934922,      -9.638926655,      -6.774280676,      -15.35193685
          0,           0,         514,      -12.27925783,      -10.04957736,       -9.66364177,       -6.79305661,      -15.39832907
          0,           0,         515,      -12.30159601,      -10.05739469,      -9.683440525,      -6.814677008,      -15.36333129
          0,           0,         516,      -12.32577357,      -10.05987496,      -9.697838649,      -6.838017609,      -15.32739114
          0,           0,         517,      -12.35373843,      -10.11687506,      -9.706679651,      -6.866532132,      -15.33259302
          0,           0,         518,      -12.35512721,      -10.12207602,      -9.706222972,      -6.868274301,      -15.31333266
          0,           0,         519,      -12.36712614,      -10.14430678,      -9.714674932,       -6.88092143,      -15.28169898
          0,           0,         520,      -12.38170302,       -10.1754157,      -9.732088727,      -6.896201479,      -15.31986389
          0,           0,         521,      -12.39452396,      -10.18516906,      -9.755993894,      -6.909141699,      -15.39628593
          0,           0,         522,      -12.40976307,      -10.19329687,      -9.783367782,      -6.924251297,      -15.47678218
          0,           0,         523,      -12.42850083,      -10.20393414,      -9.810568744,      -6.942573708,         -15.54698
          0,           0,         524,      -12.44898002,       -10.2144547,      -9.833311793,      -6.962557035,      -15.56184695
          0,           0,         525,       -12.4722486,      -10.21843708,      -9.850928278,      -6.984892527,      -15.50745215
          0,           0,         526,      -12.49951583,       -10.2405471,      -9.863532654,      -7.011887774,      -15.49076453
          0,           0,         527,       -12.5169839,      -10.28929126,       -9.86727555,      -7.030028132,      -15.49419018
          0,           0,         528,      -12.51833146,      -10.28188821,       -9.86902519,      -7.031601012,      -15.44958242
          0,           0,         529,      -12.53486141,       -10.3222986,      -9.881845351,      -7.049006463,      -15.44882289
          0,           0,         530,      -12.54777397,      -10.34054872,      -9.902051091,      -7.062346652,      -15.51260301
          0,           0,         531,      -12.56137629,      -10.34995927,      -9.927785741,      -7.075960591,      -15.58927676
          0,           0,         532,      -12.57831131,      -10.35768737,      -9.955889714,      -7.092631653,      -15.66424368
          0,           0,         533,      -12.59790652,      -10.37095782,      -9.981593386,      -7.111864038,      -15.72076811
          0,           0,         534,      -12.61909704,      -10.37882939,      -10.00216007,      -7.132333859,      -15.69904333
          0,           0,         535,      -12.64302182,      -10.37852315,      -10.01771744,      -7.155323138,      -15.65385043
          0,           0,         536,      -12.67250187,      -10.42936165,      -10.02818561,      -7.185185894,      -15.65583538
          0,           0,         537,      -12.67749195,      -10.44705298,       -10.0282024,      -7.190595474,      -15.64796492
          0,           0,         538,      -12.68563349,      -10.45659968,      -10.03432053,      -7.199213833,      -15.60403683
          0,           0,         539,      -12.70154137,      -10.49492254,      -10.05044696,       -7.21600871,      -15.62938226
          0,           0,         540,      -12.71383474,      -10.50366438,      -10.07330325,      -7.228387272,      -15.70481241
          0,           0,         541,       -12.7288433,      -10.51505339,      -10.10025115,      -7.243407408,      -15.78651117
          0,           0,         542,      -12.74703971,      -10.52378506,      -10.12794454,      -7.261193303,      -15.86009706
          0,           0,         543,      -12.76703822,       -10.5345648,       -10.1517283,       -7.28072569,      -15.89085985
          0,           0,         544,      -12.78969503,      -10.53919048,       -10.1702733,       -7.30247748,      -15.84055853
          0,           0,         545,      -12.81578993,      -10.55186163,      -10.18369184,      -7.328016221,      -15.81412435
          0,           0,         546,      -12.83869708,      -10.60746993,       -10.1897114,      -7.351616259,      -15.81940752
          0,           0,         547,      -12.83921186,      -10.60330909,      -10.19019696,      -7.352446291,      -15.78449524
          0,           0,         548,       -12.8538166,      -10.63580382,       -10.2009921,      -7.367753347,      -15.76783684
          0,           0,         549,      -12.86767841,      -10.66120185,      -10.22012749,      -7.382278886,      -15.82071519
          0,           0,         550,       -12.8808959,      -10.66990525,      -10.24494279,      -7.395454903,      -15.89658145
          0,           0,         551,       -12.8966306,      -10.67635254,      -10.27298574,      -7.410986229,      -15.97473326
          0,           0,         552,       -12.9162198,       -10.6911782,      -10.29897989,      -7.430211501,      -16.03922624
          0,           0,         553,      -12.93791592,      -10.70276589,      -10.32107983,      -7.451372014,       -16.0339002
          0,           0,         554,      -12.95961262,      -10.69708739,      -10.33724292,      -7.471982389,      -15.98212492
          0,           0,         555,      -12.99028965,      -10.73910445,      -10.34925338,       -7.50276494,      -15.97722596
          0,           0,         556,      -12.99972821,      -10.77008946,      -10.35043426,      -7.512735212,      -15.97687869
          0,           0,         557,      -13.00434167,      -10.76896861,      -10.35421155,       -7.51767775,      -15.92754223
          0,           0,         558,      -13.02097471,       -10.8109327,      -10.36891297,        -7.5352278,       -15.9430904
          0,           0,         559,       -13.0337202,       -10.8248799,       -10.3908418,      -7.548286039,      -16.01649444
          0,           0,         560,      -13.04779032,      -10.83385311,      -10.41722021,      -7.562187867,       -16.0981383
          0,           0,         561,      -13.06635785,      -10.84525639,      -10.44574766,      -7.580637108,       -16.1732116
          0,           0,         562,      -13.08499114,      -10.85360232,      -10.46969642,      -7.598688977,      -16.21693317
          0,           0,         563,      -13.10855797,      -10.86393037,      -10.48984315,      -7.621616867,      -16.17547133
          0,           0,         564,      -13.13244207,      -10.86767535,      -10.50355704,       -7.64467803,       -16.1376802
          0,           0,         565,       -13.1583241,      -10.91978481,      -10.51184731,      -7.671094084,      -16.14094869
          0,           0,         566,      -13.16146759,       -10.9294795,      -10.51186882,      -7.674619945,      -16.12015081
          0,           0,         567,      -13.17279663,      -10.94965164,      -10.52041795,      -7.686495901,      -16.09034462
          0,           0,         568,      -13.18750282,      -10.98036635,      -10.53831919,      -7.702052874,      -16.13009019
          0,           0,         569,      -13.20015725,      -10.98663655,      -10.56247629,      -7.714578234,      -16.20476922
          0,           0,         570,      -13.21520649,      -10.99474961,      -10.59005692,      -7.729503666,       -16.2845407
          0,           0,         571,      -13.23475085,      -11.01060479,      -10.61661544,      -7.748622361,      -16.35620312
          0,           0,         572,      -13.25525722,      -11.02075397,      -10.63939712,      -7.768881008,      -16.36759966
          0,           0,         573,      -13.27693115,      -11.01994788,      -10.65702541,      -7.789419297,      -16.31423003
          0,           0,         574,      -13.30797642,      -11.05435674,       -10.6697377,      -7.820396368,       -16.3006022
          0,           0,         575,      -13.32102773,      -11.09018674,      -10.67253586,      -7.833860051,      -16.30346337
          0,           0,         576,      -13.32467155,      -11.09088011,       -10.6755257,      -7.837792037,      -16.25737737
          0,           0,         577,      -13.34021969,      -11.12598301,       -10.6876473,       -7.85428823,      -16.25779886
          0,           0,         578,       -13.3538011,      -11.14750826,      -10.70865429,      -7.868438173,      -16.32525479
          0,           0,         579,      -13.36486075,      -11.14299725,      -10.73426597,      -7.878956917,      -16.40421529
          0,           0,         580,        -13.381869,      -11.15373599,      -10.76202275,      -7.896046387,      -16.48573804
          0,           0,         581,      -13.40283789,      -11.16818446,      -10.78834633,      -7.916206719,      -16.53917649
          0,           0,         582,      -13.42588093,      -11.18668562,      -10.80845121,      -7.938973429,      -16.51584916
          0,           0,         583,       -13.4494532,      -11.18927173,      -10.82327655,      -7.961777664,       -16.4671527
          0,           0,         584,      -13.47687812,      -11.22692582,      -10.83392801,      -7.989190008,      -16.46770748
          0,           0,         585,      -13.48160201,      -11.25582987,      -10.83333345,      -7.994777055,      -16.45597576
          0,           0,         586,       -13.4901331,      -11.25733225,      -10.83987873,      -8.003696577,      -16.41027891
          0,           0,         587,      -13.50496263,      -11.28867691,      -10.85639906,      -8.019076979,       -16.4356904
          0,           0,         588,       -13.5181112,      -11.30166019,      -10.87973683,      -8.032288754,      -16.50845761
          0,           0,         589,      -13.53236683,      -11.30936397,      -10.90595914,      -8.046624962,      -16.58843136
          0,           0,         590,      -13.55020025,      -11.32323694,      -10.93294041,      -8.063860659,       -16.6623896
          0,           0,         591,      -13.56893571,       -11.3250808,        -10.957204,      -8.082127675,      -16.69160829
          0,           0,         592,      -13.59548962,      -11.34072604,      -10.97691999,      -8.107776451,      -16.64055836
          0,           0,         593,      -13.61704513,      -11.35002097,      -10.98771836,      -8.129078156,      -16.61440238
          0,           0,         594,      -13.64197266,      -11.40820427,      -10.99437644,      -8.154801248,      -16.62757758
          0,           0,         595,      -13.64293436,      -11.39954442,      -10.99650117,      -8.155538358,      -16.59241634
          0,           0,         596,      -13.65388541,      -11.41829228,      -11.00590333,      -8.167785033,      -16.57959715
          0,           0,         597,      -13.66912699,      -11.45501409,      -11.02535607,      -8.182911309,      -16.62727902
          0,           0,         598,      -13.68419395,      -11.46334104,      -11.05096637,      -8.198205783,      -16.70633511
          0,           0,         599,      -13.69671921,      -11.46282264,      -11.07799075,      -8.210444483,      -16.78748289
          0,           0,         600,      -13.71214861,      -11.46677405,      -11.10292283,      -8.225025619,      -16.85235324
          0,           0,         601,      -13.73788665,      -11.48939149,      -11.12581844,      -8.250292065,      -16.84724221
          0,           0,         602,      -13.75905681,      -11.48924712,      -11.14181447,      -8.270359171,      -16.79242402
          0,           0,         603,      -13.78762758,      -11.50930875,       -11.1530175,      -8.298879253,      -16.78341566
          0,           0,         604,      -13.79500992,       -11.5429644,      -11.15252685,      -8.306437342,      -16.77607603
          0,           0,         605,      -13.80233062,      -11.55383193,      -11.15812137,      -8.314737602,      -16.72483784
          0,           0,         606,      -13.81854945,       -11.5990851,      -11.17129776,      -8.332824201,      -16.74256939
          0,           0,         607,      -13.83030383,      -11.59797224,      -11.19358445,      -8.342685011,      -16.81547485
          0,           0,         608,      -13.84447387,      -11.62260772,      -11.21880654,      -8.357654198,      -16.88545639
          0,           0,         609,      -13.86428985,      -11.62170193,       -11.2488647,      -8.377353983,      -16.95972594
          0,           0,         610,      -13.87368247,      -11.60904648,      -11.27179889,      -8.385122405,      -17.00504853
          0,           0,         611,      -13.90781851,      -11.64777502,      -11.29080279,      -8.418635185,        -16.962476
          0,           0,         612,      -13.93026268,      -11.66444523,        -11.303598,      -8.441951735,      -16.92348893
          0,           0,         613,      -13.94813344,      -11.66861479,       -11.3141033,      -8.457071417,      -16.92476591
          0,           0,         614,      -13.95577022,      -11.71065265,       -11.3140387,      -8.468209383,      -16.91522765
          0,           0,         615,      -13.96237024,      -11.70283643,      -11.32168026,      -8.473193936,      -16.90766111
          0,           0,         616,       -13.9785938,      -11.74260101,      -11.34067736,      -8.490551857,      -16.95384522
          0,           0,         617,      -13.98937159,      -11.75892323,      -11.36158811,      -8.502227011,      -17.02645738
          0,           0,         618,      -14.00813134,      -11.75958938,      -11.39174516,      -8.519774373,      -17.09196025
