"Time_Iter","Outer_Iter","Inner_Iter",    "rms[Rho]"    ,    "rms[RhoU]"   ,    "rms[RhoV]"   ,    "rms[RhoE]"   
          0,           0,           0,      -0.898621963,       1.938207444,       1.717980308,       4.835809496
          0,           0,           1,      -1.044191213,       1.790670175,       1.545361461,       4.697810436
          0,           0,           2,      -1.132912353,       1.712387004,       1.443396541,       4.617505969
          0,           0,           3,      -1.175796845,       1.675704585,       1.401004767,       4.574140254
          0,           0,           4,       -1.19070276,       1.658139004,       1.394864391,       4.553815801
          0,           0,           5,      -1.192648037,       1.649639955,       1.404976225,       4.547938072
          0,           0,           6,      -1.191062076,       1.644979964,       1.416357109,       4.548362198
          0,           0,           7,      -1.190071152,       1.641365218,       1.420679876,       4.549199804
          0,           0,           8,      -1.190898233,       1.637523971,       1.416535275,       4.547874093
          0,           0,           9,      -1.193352768,        1.63309369,       1.406358524,       4.544178946
          0,           0,          10,      -1.196634518,       1.628222778,       1.394141113,       4.539065945
          0,           0,          11,      -1.200070981,       1.623200302,       1.383579564,       4.533576493
          0,           0,          12,      -1.203283454,        1.61828669,       1.376878857,       4.528408553
          0,           0,          13,      -1.206148597,       1.613659325,       1.374378911,       4.523857623
          0,           0,          14,      -1.208605953,       1.609515672,       1.375090223,       4.520033602
          0,           0,          15,       -1.21051921,       1.606112881,       1.377596146,       4.517047599
          0,           0,          16,      -1.211633852,        1.60374106,       1.380732667,       4.515075176
          0,           0,          17,      -1.211704087,       1.602567582,       1.383740829,       4.514229437
          0,           0,          18,      -1.210625276,       1.602523531,        1.38621342,       4.514433197
          0,           0,          19,      -1.208480753,       1.603353519,       1.387989703,       4.515439999
          0,           0,          20,      -1.205514012,        1.60470754,        1.38910087,       4.516914241
          0,           0,          21,      -1.202004523,       1.606302615,       1.389754688,       4.518593662
          0,           0,          22,      -1.198176299,       1.607989496,       1.390298291,       4.520360052
          0,           0,          23,      -1.194147704,       1.609764654,       1.391109177,       4.522239647
          0,           0,          24,      -1.189941164,       1.611739107,       1.392442145,       4.524343351
          0,           0,          25,      -1.185504625,         1.6140906,        1.39437653,       4.526817336
          0,           0,          26,      -1.180767786,       1.616997539,       1.396836043,       4.529795427
          0,           0,          27,      -1.175636938,       1.620632637,       1.399708453,       4.533418354
          0,           0,          28,       -1.17003797,       1.625120249,       1.402911173,       4.537804462
          0,           0,          29,      -1.163962414,       1.630491725,        1.40640873,       4.543004418
          0,           0,          30,      -1.157468139,       1.636684798,       1.410226068,       4.548988746
          0,           0,          31,      -1.150685008,        1.64355409,       1.414385734,       4.555635183
          0,           0,          32,      -1.143772449,       1.650921707,       1.418930119,       4.562777478
          0,           0,          33,      -1.136865381,        1.65863483,       1.423910985,       4.570263252
          0,           0,          34,      -1.130066838,       1.666573163,       1.429359117,        4.57796347
          0,           0,          35,      -1.123429569,       1.674656087,       1.435313054,       4.585796379
          0,           0,          36,      -1.116933646,       1.682856715,       1.441803103,       4.593738369
          0,           0,          37,      -1.110519026,       1.691161976,       1.448816214,       4.601783353
          0,           0,          38,      -1.104103849,       1.699561161,       1.456280023,       4.609923832
          0,           0,          39,      -1.097620323,       1.708020758,       1.464037047,       4.618118421
          0,           0,          40,      -1.091007507,       1.716500168,       1.471895714,       4.626311792
          0,           0,          41,      -1.084234984,       1.724940331,       1.479656087,        4.63442871
          0,           0,          42,      -1.077283853,       1.733285413,       1.487167734,       4.642406467
          0,           0,          43,      -1.070150775,       1.741483272,       1.494357123,       4.650200074
          0,           0,          44,      -1.062865271,       1.749470955,       1.501224248,       4.657770908
          0,           0,          45,      -1.055480016,       1.757189273,        1.50782311,       4.665089789
          0,           0,          46,      -1.048074767,       1.764571401,       1.514218285,       4.672116243
          0,           0,          47,      -1.040745538,       1.771549574,          1.520458,       4.678795884
          0,           0,          48,      -1.033606359,       1.778048892,       1.526520076,       4.685046394
          0,           0,          49,      -1.026745981,       1.784020627,       1.532347143,        4.69079734
          0,           0,          50,      -1.020197535,       1.789468294,       1.537887067,        4.69602508
          0,           0,          51,      -1.013926206,       1.794454237,       1.543132903,       4.700772203
          0,           0,          52,      -1.007819232,       1.799113272,        1.54815588,       4.705168024
          0,           0,          53,      -1.001701876,       1.803648033,       1.553105485,       4.709419096
          0,           0,          54,     -0.9953925332,       1.808271106,       1.558182486,       4.713762125
          0,           0,          55,     -0.9887250717,        1.81319665,       1.563577117,       4.718429426
          0,           0,          56,      -0.981571068,       1.818612546,       1.569453395,       4.723616208
          0,           0,          57,     -0.9739078263,       1.824613635,        1.57584498,       4.729400758
          0,           0,          58,     -0.9657903711,       1.831212333,       1.582692652,       4.735765069
          0,           0,          59,     -0.9573551609,       1.838331379,       1.589825099,       4.742587864
          0,           0,          60,     -0.9487760851,       1.845838401,       1.597020152,       4.749691094
          0,           0,          61,     -0.9402207652,       1.853587994,       1.604050514,       4.756892862
          0,           0,          62,     -0.9318111093,       1.861452186,       1.610751594,       4.764050957
          0,           0,          63,     -0.9236249317,       1.869324863,       1.617028946,       4.771067729
          0,           0,          64,     -0.9156805126,       1.877137405,       1.622867294,       4.777908638
          0,           0,          65,     -0.9079522882,       1.884851478,       1.628332277,       4.784589309
          0,           0,          66,      -0.900369969,       1.892461191,       1.633546085,        4.79116282
          0,           0,          67,     -0.8929022799,       1.899917511,        1.63865839,       4.797657889
          0,           0,          68,     -0.8854791294,       1.907220244,       1.643791089,       4.804123064
          0,           0,          69,     -0.8780635737,       1.914349716,        1.64903292,       4.810575312
          0,           0,          70,     -0.8706635448,       1.921261058,       1.654416208,       4.816989003
          0,           0,          71,     -0.8633433723,       1.927867237,       1.659894297,       4.823275099
          0,           0,          72,     -0.8561727604,       1.934120687,        1.66538627,       4.829360376
          0,           0,          73,     -0.8492517072,       1.939946883,       1.670783898,       4.835140452
          0,           0,          74,      -0.842681167,       1.945278042,       1.675964689,        4.84051413
          0,           0,          75,     -0.8365237554,       1.950091283,       1.680836657,       4.845424006
          0,           0,          76,     -0.8308367524,         1.9543724,       1.685323624,       4.849829671
          0,           0,          77,     -0.8256488815,       1.958128954,       1.689393389,       4.853725913
          0,           0,          78,     -0.8209327315,       1.961427147,       1.693052479,       4.857166985
          0,           0,          79,     -0.8166057815,       1.964390873,       1.696342456,       4.860262616
          0,           0,          80,     -0.8126039303,       1.967114145,       1.699307763,        4.86310013
          0,           0,          81,     -0.8088560019,       1.969696724,       1.702016184,       4.865776726
          0,           0,          82,     -0.8052910335,       1.972232841,       1.704541831,       4.868383487
          0,           0,          83,     -0.8018488593,       1.974803124,       1.706950976,       4.870997042
          0,           0,          84,     -0.7985007102,       1.977443502,       1.709296394,       4.873654098
          0,           0,          85,     -0.7952374462,       1.980158457,       1.711619448,       4.876366217
          0,           0,          86,      -0.792064658,       1.982920587,       1.713951381,       4.879115656
          0,           0,          87,     -0.7890054838,       1.985676382,       1.716299555,       4.881860364
          0,           0,          88,     -0.7860875054,       1.988355333,       1.718656185,       4.884545956
          0,           0,          89,     -0.7833245147,       1.990890749,       1.721017139,        4.88712023
          0,           0,          90,     -0.7807224454,       1.993223985,       1.723361137,       4.889536126
          0,           0,          91,     -0.7782624208,       1.995327985,       1.725665655,       4.891769219
          0,           0,          92,     -0.7759195103,       1.997189289,       1.727904713,       4.893803699
          0,           0,          93,      -0.773679403,       1.998799154,       1.730042708,       4.895622932
          0,           0,          94,     -0.7715218225,       2.000167448,       1.732053146,       4.897225917
          0,           0,          95,     -0.7694326667,       2.001310715,       1.733913709,       4.898617861
          0,           0,          96,     -0.7674047395,        2.00224685,       1.735609665,       4.899806732
          0,           0,          97,     -0.7654527154,       2.002975403,       1.737130648,       4.900790892
          0,           0,          98,     -0.7635683331,       2.003534971,        1.73847588,       4.901597644
          0,           0,          99,     -0.7617633238,       2.003942998,       1.739648009,       4.902242038
          0,           0,         100,     -0.7600558056,       2.004211878,       1.740656113,       4.902738445
          0,           0,         101,     -0.7584702047,       2.004346053,       1.741507067,       4.903094674
          0,           0,         102,     -0.7570291782,       2.004350677,       1.742210961,       4.903319977
          0,           0,         103,      -0.755753526,       2.004227932,       1.742776164,       4.903420198
          0,           0,         104,     -0.7546540662,       2.003985126,       1.743217941,        4.90340765
          0,           0,         105,      -0.753744327,       2.003623052,       1.743540229,       4.903285438
          0,           0,         106,     -0.7530314347,       2.003144774,       1.743743585,       4.903056104
          0,           0,         107,     -0.7525136173,       2.002556177,       1.743832953,       4.902724403
          0,           0,         108,     -0.7521849384,       2.001863029,       1.743809175,        4.90229373
          0,           0,         109,      -0.752040054,       2.001065025,       1.743669085,       4.901759749
          0,           0,         110,     -0.7520678415,       2.000168893,       1.743411044,       4.901124887
          0,           0,         111,     -0.7522597312,       1.999175867,       1.743029363,       4.900386091
          0,           0,         112,     -0.7526001898,       1.998096283,       1.742525393,       4.899548177
          0,           0,         113,     -0.7530786133,       1.996937024,       1.741895821,       4.898612414
          0,           0,         114,     -0.7536786022,       1.995709386,       1.741145945,       4.897586646
          0,           0,         115,     -0.7543852268,       1.994425107,       1.740280847,       4.896479328
          0,           0,         116,     -0.7551862347,        1.99309423,       1.739305555,       4.895297981
          0,           0,         117,     -0.7560724615,       1.991724007,       1.738223927,        4.89404803
          0,           0,         118,     -0.7570383923,       1.990318233,       1.737037913,       4.892732223
          0,           0,         119,     -0.7580760778,       1.988880699,       1.735754289,       4.891355222
          0,           0,         120,     -0.7591819331,       1.987410134,       1.734377142,       4.889917405
          0,           0,         121,     -0.7603564795,       1.985898986,       1.732908312,        4.88841357
          0,           0,         122,      -0.761601926,       1.984335788,       1.731349746,       4.886835797
          0,           0,         123,     -0.7629217984,       1.982706689,       1.729701908,       4.885173818
          0,           0,         124,     -0.7643198108,       1.980997375,       1.727965592,       4.883417032
          0,           0,         125,     -0.7657996919,       1.979193271,       1.726141957,       4.881555086
          0,           0,         126,     -0.7673670786,       1.977278814,       1.724230711,       4.879576523
          0,           0,         127,     -0.7690278669,       1.975240162,       1.722230748,       4.877471303
          0,           0,         128,     -0.7707872678,       1.973066593,       1.720140758,       4.875231991
          0,           0,         129,     -0.7726487644,          1.970752,       1.717961043,       4.872855603
          0,           0,         130,      -0.774619278,       1.968290949,       1.715685756,       4.870338558
          0,           0,         131,     -0.7766994712,       1.965686296,       1.713314184,       4.867685385
          0,           0,         132,     -0.7788870923,        1.96294764,       1.710847685,        4.86490656
          0,           0,         133,      -0.781181643,       1.960085571,       1.708283686,       4.862012636
          0,           0,         134,     -0.7835827898,       1.957112506,       1.705619513,       4.859015624
          0,           0,         135,     -0.7860901816,        1.95404208,       1.702852322,       4.855928517
          0,           0,         136,     -0.7887014881,       1.950889714,       1.699980679,       4.852765648
          0,           0,         137,     -0.7914162887,       1.947667259,       1.697001952,       4.849537931
          0,           0,         138,     -0.7942358963,       1.944383162,       1.693912854,       4.846252906
          0,           0,         139,     -0.7971627777,       1.941041894,       1.690709923,       4.842914612
          0,           0,         140,     -0.8002006169,       1.937643414,       1.687389784,       4.839523066
          0,           0,         141,     -0.8033542027,       1.934183085,       1.683949329,       4.836074207
          0,           0,         142,     -0.8066295931,       1.930651161,       1.680385328,       4.832559285
          0,           0,         143,     -0.8100338232,        1.92703477,       1.676694275,       4.828966668
          0,           0,         144,     -0.8135728118,       1.923319518,       1.672874684,       4.825283633
          0,           0,         145,     -0.8172500925,       1.919491295,       1.668927772,       4.821498169
          0,           0,         146,     -0.8210691871,       1.915535334,       1.664854114,       4.817597359
          0,           0,         147,     -0.8250326481,         1.9114381,       1.660654673,       4.813569131
          0,           0,         148,     -0.8291384658,       1.907190433,       1.656333367,       4.809405517
          0,           0,         149,     -0.8333900721,       1.902781176,       1.651887959,       4.805095397
          0,           0,         150,     -0.8377834686,        1.89820671,       1.647323957,       4.800635883
          0,           0,         151,     -0.8423128399,       1.893467846,       1.642646994,       4.796027322
          0,           0,         152,      -0.846971618,       1.888568257,       1.637862531,       4.791272385
          0,           0,         153,     -0.8517520201,       1.883515105,       1.632976467,       4.786376644
          0,           0,         154,     -0.8566448266,       1.878319123,       1.627995581,       4.781348802
          0,           0,         155,     -0.8616410091,       1.872992569,       1.622926287,         4.7761988
          0,           0,         156,     -0.8667304043,       1.867550111,       1.617775873,       4.770938882
          0,           0,         157,     -0.8719039168,       1.862007706,       1.612550043,       4.765581818
          0,           0,         158,     -0.8771520577,       1.856382322,       1.607254967,       4.760141492
          0,           0,         159,     -0.8824653069,       1.850691137,       1.601897411,       4.754632187
          0,           0,         160,     -0.8878342951,       1.844951302,       1.596484395,       4.749068266
          0,           0,         161,     -0.8932506044,        1.83917852,       1.591022106,       4.743462884
          0,           0,         162,     -0.8987061175,       1.833387675,       1.585516776,       4.737828648
          0,           0,         163,     -0.9041942366,       1.827590972,       1.579973493,       4.732175952
          0,           0,         164,     -0.9097076587,       1.821800366,        1.57439781,       4.726515105
          0,           0,         165,     -0.9152405878,       1.816024861,       1.568794244,       4.720854064
          0,           0,         166,     -0.9207878235,       1.810271491,       1.563166873,       4.715199297
          0,           0,         167,     -0.9263449282,       1.804545069,       1.557519166,       4.709555479
          0,           0,         168,     -0.9319087837,       1.798847703,       1.551853299,       4.703924947
          0,           0,         169,     -0.9374764669,       1.793180246,       1.546171382,       4.698309157
          0,           0,         170,     -0.9430462168,       1.787541557,       1.540474307,       4.692707654
          0,           0,         171,     -0.9486160946,       1.781929091,       1.534764076,       4.687119388
          0,           0,         172,     -0.9541852582,       1.776339091,       1.529041401,       4.681541898
          0,           0,         173,     -0.9597531047,       1.770767222,       1.523306951,        4.67597227
          0,           0,         174,     -0.9653208992,       1.765207903,       1.517559433,       4.670405855
          0,           0,         175,     -0.9708894302,       1.759656098,       1.511798433,       4.664838652
          0,           0,         176,     -0.9764598539,       1.754106924,       1.506023366,       4.659266635
          0,           0,         177,     -0.9820335519,       1.748555992,       1.500233607,       4.653686072
          0,           0,         178,     -0.9876120691,       1.742999536,       1.494428571,        4.64809365
          0,           0,         179,     -0.9931969372,       1.737434594,       1.488607807,        4.64248668
          0,           0,         180,     -0.9987896271,       1.731859126,        1.48277112,       4.636863264
          0,           0,         181,      -1.004392206,       1.726271334,       1.476917839,       4.631221553
          0,           0,         182,      -1.010005161,       1.720671331,       1.471049007,       4.625561813
          0,           0,         183,      -1.015629549,       1.715059214,       1.465165143,       4.619884203
          0,           0,         184,      -1.021266545,       1.709435162,       1.459266578,       4.614189044
          0,           0,         185,      -1.026916657,        1.70380012,       1.453354667,       4.608477596
          0,           0,         186,      -1.032580559,        1.69815483,       1.447430314,       4.602751013
          0,           0,         187,      -1.038258885,       1.692499862,        1.44149432,       4.597010445
          0,           0,         188,      -1.043952188,       1.686835481,       1.435547522,        4.59125695
          0,           0,         189,      -1.049661224,       1.681161336,       1.429590306,       4.585491105
          0,           0,         190,      -1.055386702,       1.675476605,       1.423622871,       4.579713148
          0,           0,         191,      -1.061129248,       1.669780401,       1.417645221,       4.573923291
          0,           0,         192,      -1.066890039,       1.664070806,       1.411656671,       4.568120795
          0,           0,         193,      -1.072669744,       1.658346312,       1.405656682,       4.562305177
          0,           0,         194,      -1.078469322,       1.652604756,       1.399643898,       4.556475219
          0,           0,         195,      -1.084290729,       1.646843032,       1.393616036,       4.550628675
          0,           0,         196,      -1.090135626,       1.641058329,        1.38757085,       4.544763409
          0,           0,         197,      -1.096005816,       1.635247984,       1.381505644,       4.538877119
          0,           0,         198,      -1.101903482,       1.629409159,       1.375417157,       4.532967061
          0,           0,         199,      -1.107831095,       1.623539246,       1.369301671,       4.527030393
          0,           0,         200,       -1.11379136,       1.617635793,       1.363155067,       4.521064148
          0,           0,         201,      -1.119787199,       1.611696649,         1.3569729,       4.515065362
          0,           0,         202,      -1.125821826,       1.605719931,        1.35075035,       4.509031042
          0,           0,         203,      -1.131898952,       1.599703817,       1.344482064,       4.502957961
          0,           0,         204,      -1.138021488,       1.593647452,       1.338163697,       4.496843854
          0,           0,         205,      -1.144193321,       1.587549563,       1.331789945,       4.490685777
          0,           0,         206,      -1.150418904,       1.581408547,       1.325355063,       4.484480367
          0,           0,         207,      -1.156702044,       1.575223529,       1.318854089,       4.478224995
          0,           0,         208,      -1.163046739,       1.568993459,       1.312281984,       4.471916907
          0,           0,         209,      -1.169457567,       1.562716602,       1.305633265,       4.465552782
          0,           0,         210,      -1.175939186,       1.556390944,       1.298902476,       4.459129169
          0,           0,         211,      -1.182496272,       1.550014159,       1.292084219,       4.452642494
          0,           0,         212,      -1.189133838,        1.54358318,       1.285172938,       4.446088702
          0,           0,         213,       -1.19585696,       1.537094367,       1.278162968,       4.439463448
          0,           0,         214,      -1.202670588,       1.530543677,       1.271049054,       4.432762271
          0,           0,         215,      -1.209579704,       1.523926495,       1.263826004,       4.425980424
          0,           0,         216,       -1.21658932,       1.517237687,       1.256488705,       4.419112922
          0,           0,         217,      -1.223704452,       1.510471591,       1.249032147,       4.412154523
          0,           0,         218,      -1.230930068,       1.503622117,       1.241451443,       4.405099794
          0,           0,         219,      -1.238271045,        1.49668286,       1.233741868,       4.397943204
          0,           0,         220,      -1.245732121,       1.489647215,       1.225898892,         4.3906792
          0,           0,         221,      -1.253317849,        1.48250851,        1.21791822,       4.383302305
          0,           0,         222,      -1.261032553,       1.475260121,       1.209795822,       4.375807198
          0,           0,         223,      -1.268880293,        1.46789558,       1.201527986,       4.368188792
          0,           0,         224,      -1.276864825,       1.460408686,       1.193111373,       4.360442315
          0,           0,         225,      -1.284989591,       1.452793576,       1.184543036,       4.352563346
          0,           0,         226,      -1.293257683,       1.445044819,       1.175820488,       4.344547884
          0,           0,         227,      -1.301671886,       1.437157447,        1.16694168,       4.336392339
          0,           0,         228,      -1.310234791,       1.429126944,       1.157904886,       4.328093471
          0,           0,         229,      -1.318947921,        1.42094981,       1.148709697,       4.319649119
          0,           0,         230,      -1.327812672,       1.412623061,       1.139355987,       4.311057461
          0,           0,         231,      -1.336829936,       1.404144495,       1.129844314,       4.302317342
          0,           0,         232,      -1.346000074,       1.395512729,       1.120175948,       4.293428301
          0,           0,         233,      -1.355322885,       1.386727231,       1.110352908,       4.284390593
          0,           0,         234,      -1.364797576,       1.377788349,       1.100377983,       4.275205209
          0,           0,         235,       -1.37442273,       1.368697288,       1.090254753,       4.265873859
          0,           0,         236,      -1.384196292,       1.359456336,       1.079987585,       4.256399164
          0,           0,         237,      -1.394115529,       1.350068666,       1.069581655,        4.24678449
          0,           0,         238,      -1.404177034,       1.340538388,       1.059042941,       4.237033992
          0,           0,         239,      -1.414376725,        1.33087052,       1.048378206,       4.227152593
          0,           0,         240,      -1.424709846,       1.321070958,       1.037594977,       4.217145961
          0,           0,         241,      -1.435170979,       1.311146435,       1.026701507,       4.207020483
          0,           0,         242,      -1.445754044,       1.301104479,       1.015706723,       4.196783233
          0,           0,         243,      -1.456452338,        1.29095334,       1.004620173,        4.18644192
          0,           0,         244,      -1.467258556,       1.280701923,       0.993451955,       4.176004832
          0,           0,         245,      -1.478164833,       1.270359696,      0.9822126193,       4.165480772
          0,           0,         246,      -1.489162794,       1.259936597,      0.9709130787,       4.154878978
          0,           0,         247,      -1.500243611,       1.249442919,      0.9595644964,       4.144209038
          0,           0,         248,      -1.511398075,       1.238889191,      0.9481781656,       4.133480787
          0,           0,         249,      -1.522616671,       1.228286055,      0.9367653851,       4.122704203
          0,           0,         250,      -1.533889667,       1.217644127,       0.925337326,       4.111889297
          0,           0,         251,      -1.545207207,       1.206973865,      0.9139048979,       4.101045987
          0,           0,         252,      -1.556559417,       1.196285425,      0.9024786114,        4.09018398
          0,           0,         253,      -1.567936512,       1.185588503,      0.8910684497,       4.079312622
          0,           0,         254,      -1.579329124,       1.174892129,      0.8796835272,       4.068440683
          0,           0,         255,      -1.590727713,       1.164205025,      0.8683326974,       4.057576765
          0,           0,         256,      -1.602123444,       1.153534819,      0.8570236489,       4.046728483
          0,           0,         257,      -1.613508045,       1.142888236,      0.8457631067,       4.035902659
          0,           0,         258,      -1.624873854,       1.132271046,      0.8345567999,       4.025105273
          0,           0,         259,       -1.63621393,       1.121687999,      0.8234094376,       4.014341383
          0,           0,         260,      -1.647522125,       1.111142781,      0.8123247029,       4.003615073
          0,           0,         261,      -1.658793129,       1.100638009,      0.8013052613,       3.992929436
          0,           0,         262,      -1.670022505,       1.090175247,      0.7903528003,       3.982286577
          0,           0,         263,      -1.681206692,       1.079755047,      0.7794680963,       3.971687638
          0,           0,         264,      -1.692342983,       1.069377018,      0.7686510983,       3.961132855
          0,           0,         265,      -1.703429479,       1.059039924,      0.7579010334,        3.95062164
          0,           0,         266,      -1.714465014,       1.048741788,      0.7472165288,       3.940152678
          0,           0,         267,      -1.725449061,       1.038480034,      0.7365957379,       3.929724051
          0,           0,         268,      -1.736381618,       1.028251627,      0.7260364723,       3.919333378
          0,           0,         269,      -1.747263073,       1.018053229,      0.7155363295,       3.908977956
          0,           0,         270,      -1.758094073,       1.007881348,      0.7050928123,       3.898654911
          0,           0,         271,      -1.768875707,      0.9977322696,      0.6947031241,       3.888361096
          0,           0,         272,      -1.779608403,      0.9876028825,       0.684365218,       3.878093992
          0,           0,         273,      -1.790292757,      0.9774901102,      0.6740769235,       3.867851065
          0,           0,         274,      -1.800929161,      0.9673912208,      0.6638362629,       3.857630096
          0,           0,         275,      -1.811517693,      0.9573039364,      0.6536415286,       3.847429293
          0,           0,         276,      -1.822058067,      0.9472264824,      0.6434912943,       3.837247339
          0,           0,         277,      -1.832549619,      0.9371576072,      0.6333844091,       3.827083409
          0,           0,         278,      -1.842991331,      0.9270965734,      0.6233199663,       3.816937159
          0,           0,         279,      -1.853381876,      0.9170431213,      0.6132972527,        3.80680869
          0,           0,         280,        -1.8637197,      0.9069974029,      0.6033156873,       3.796698474
          0,           0,         281,      -1.874003136,      0.8969598921,      0.5933747496,       3.786607259
          0,           0,         282,      -1.884230528,      0.8869312753,      0.5834739006,       3.776535961
          0,           0,         283,      -1.894400377,      0.8769123273,      0.5736125001,       3.766485527
          0,           0,         284,      -1.904511294,      0.8669039787,      0.5637899783,        3.75645701
          0,           0,         285,      -1.914562803,      0.8569065111,      0.5540048986,       3.746450737
          0,           0,         286,      -1.924554716,      0.8469202268,      0.5442558819,       3.736467002
          0,           0,         287,      -1.934487559,      0.8369449607,      0.5345411376,       3.726505565
          0,           0,         288,       -1.94436267,      0.8269801149,      0.5248584235,       3.716565683
          0,           0,         289,      -1.954182249,       0.817024479,       0.515205027,       3.706645938
          0,           0,         290,      -1.963949398,      0.8070762077,      0.5055777617,       3.696744217
          0,           0,         291,      -1.973668125,      0.7971327932,      0.4959729747,       3.686857691
          0,           0,         292,      -1.983343312,      0.7871910676,      0.4863865688,       3.676982822
          0,           0,         293,      -1.992980646,       0.777247229,      0.4768140378,       3.667115403
          0,           0,         294,       -2.00258653,      0.7672968947,       0.467250513,       3.657250614
          0,           0,         295,      -2.012167963,      0.7573351754,      0.4576908207,       3.647383112
          0,           0,         296,      -2.021732408,      0.7473567662,      0.4481295483,       3.637507131
          0,           0,         297,      -2.031287649,      0.7373560478,      0.4385611149,       3.627616592
          0,           0,         298,      -2.040841643,      0.7273271949,       0.428979845,       3.617705222
          0,           0,         299,      -2.050402379,       0.717264284,      0.4193800429,        3.60776667
          0,           0,         300,      -2.059977737,      0.7071614024,      0.4097560634,       3.597794623
          0,           0,         301,      -2.069575372,      0.6970127476,      0.4001023787,       3.587782913
          0,           0,         302,      -2.079202599,      0.6868127175,      0.3904136373,       3.577725609
          0,           0,         303,      -2.088866311,      0.6765559902,      0.3806847163,       3.567617098
          0,           0,         304,      -2.098572907,      0.6662375871,      0.3709107638,       3.557452153
          0,           0,         305,      -2.108328243,      0.6558529248,      0.3610872333,       3.547225983
          0,           0,         306,      -2.118137606,      0.6453978494,      0.3512099089,       3.536934264
          0,           0,         307,      -2.128005701,      0.6348686569,      0.3412749215,       3.526573158
          0,           0,         308,       -2.13793666,         0.6242621,      0.3312787571,       3.516139316
          0,           0,         309,      -2.147934062,      0.6135753822,      0.3212182567,       3.505629865
          0,           0,         310,      -2.158000961,      0.6028061422,      0.3110906103,       3.495042393
          0,           0,         311,       -2.16813993,      0.5919524314,       0.300893344,       3.484374917
          0,           0,         312,      -2.178353101,      0.5810126839,      0.2906243018,       3.473625848
          0,           0,         313,       -2.18864222,      0.5699856796,      0.2802816237,       3.462793951
          0,           0,         314,       -2.19900869,      0.5588705111,      0.2698637197,       3.451878306
          0,           0,         315,      -2.209453622,      0.5476665434,      0.2593692415,       3.440878262
          0,           0,         316,      -2.219977884,      0.5363733764,      0.2487970527,       3.429793397
          0,           0,         317,      -2.230582143,      0.5249908068,      0.2381461966,       3.418623476
          0,           0,         318,      -2.241266907,      0.5135187926,      0.2274158643,       3.407368411
          0,           0,         319,      -2.252032563,      0.5019574183,      0.2166053616,       3.396028224
          0,           0,         320,      -2.262879411,      0.4903068624,      0.2057140758,       3.384603014
          0,           0,         321,      -2.273807696,      0.4785673662,      0.1947414428,       3.373092922
          0,           0,         322,       -2.28481764,      0.4667392039,      0.1836869141,         3.3614981
          0,           0,         323,      -2.295909467,      0.4548226538,      0.1725499243,        3.34981868
          0,           0,         324,      -2.307083435,        0.44281797,      0.1613298595,       3.338054751
          0,           0,         325,      -2.318339859,      0.4307253543,      0.1500260258,       3.326206322
          0,           0,         326,      -2.329679144,       0.418544928,      0.1386376197,       3.314273301
          0,           0,         327,      -2.341101806,      0.4062767044,      0.1271636997,       3.302255466
          0,           0,         328,      -2.352608506,      0.3939205605,      0.1156031589,       3.290152435
          0,           0,         329,      -2.364200076,      0.3814762094,      0.1039547006,       3.277963643
          0,           0,         330,      -2.375877543,      0.3689431737,     0.09221681619,       3.265688316
          0,           0,         331,       -2.38764216,      0.3563207594,     0.08038776486,       3.253325443
          0,           0,         332,      -2.399495429,      0.3436080323,      0.0684655579,        3.24087376
          0,           0,         333,      -2.411439121,      0.3308037965,     0.05644794535,       3.228331727
          0,           0,         334,      -2.423475294,      0.3179065765,     0.04433240669,       3.215697513
          0,           0,         335,      -2.435606313,      0.3049146022,     0.03211614597,       3.202968984
          0,           0,         336,      -2.447834851,      0.2918257998,     0.01979609044,       3.190143696
          0,           0,         337,      -2.460163898,      0.2786377863,     0.00736889358,       3.177218892
          0,           0,         338,      -2.472596759,      0.2653478695,   -0.005169057263,       3.164191508
          0,           0,         339,      -2.485137048,      0.2519530543,    -0.01782163093,       3.151058176
          0,           0,         340,      -2.497788673,      0.2384500521,    -0.03059293622,       3.137815243
          0,           0,         341,       -2.51055582,      0.2248352974,    -0.04348730402,       3.124458782
          0,           0,         342,      -2.523442931,      0.2111049683,    -0.05650926569,       3.110984623
          0,           0,         343,       -2.53645468,      0.1972550105,    -0.06966352885,       3.097388373
          0,           0,         344,      -2.549595938,      0.1832811655,    -0.08295495094,       3.083665447
          0,           0,         345,       -2.56287175,      0.1691790012,    -0.09638851109,       3.069811102
          0,           0,         346,      -2.576287293,      0.1549439445,     -0.1099692807,       3.055820467
          0,           0,         347,      -2.589847849,      0.1405713148,     -0.1237023936,       3.041688581
          0,           0,         348,      -2.603558767,      0.1260563581,     -0.1375930154,       3.027410422
          0,           0,         349,      -2.617425435,      0.1113942807,     -0.1516463135,       3.012980946
          0,           0,         350,      -2.631453239,     0.09658028189,     -0.1658674275,       2.998395114
          0,           0,         351,      -2.645647544,     0.08160958522,     -0.1802614406,       2.983647927
          0,           0,         352,      -2.660013655,     0.06647746836,     -0.1948333518,       2.968734452
          0,           0,         353,      -2.674556799,     0.05117929075,     -0.2095880496,       2.953649849
          0,           0,         354,      -2.689282093,     0.03571051944,     -0.2245302871,       2.938389396
          0,           0,         355,      -2.704194527,     0.02006675281,     -0.2396646589,       2.922948513
          0,           0,         356,      -2.719298941,    0.004243742629,     -0.2549955788,        2.90732278
          0,           0,         357,      -2.734600004,    -0.01176258552,     -0.2705272597,       2.891507956
          0,           0,         358,      -2.750102198,    -0.02795611312,     -0.2862636946,       2.875500001
          0,           0,         359,      -2.765809798,     -0.0443405106,      -0.302208639,       2.859295088
          0,           0,         360,      -2.781726858,    -0.06091921979,      -0.318365595,       2.842889624
          0,           0,         361,       -2.79785719,    -0.07769543687,     -0.3347377959,       2.826280261
          0,           0,         362,      -2.814204353,    -0.09467209536,     -0.3513281926,       2.809463916
          0,           0,         363,      -2.830771631,      -0.111851849,     -0.3681394408,       2.792437787
          0,           0,         364,       -2.84756202,     -0.1292370543,     -0.3851738893,       2.775199367
          0,           0,         365,      -2.864578207,      -0.146829753,     -0.4024335697,       2.757746464
          0,           0,         366,      -2.881822559,     -0.1646316541,     -0.4199201865,       2.740077214
          0,           0,         367,        -2.8992971,     -0.1826441155,     -0.4376351087,       2.722190102
          0,           0,         368,      -2.917003498,      -0.200868126,     -0.4555793624,       2.704083981
          0,           0,         369,      -2.934943048,     -0.2193042874,     -0.4737536245,       2.685758081
          0,           0,         370,      -2.953116654,     -0.2379527972,     -0.4921582176,       2.667212035
          0,           0,         371,      -2.971524822,     -0.2568134318,     -0.5107931061,       2.648445887
          0,           0,         372,       -2.99016764,     -0.2758855315,     -0.5296578938,       2.629460112
          0,           0,         373,      -3.009044772,     -0.2951679869,     -0.5487518224,       2.610255623
          0,           0,         374,      -3.028155448,      -0.314659227,     -0.5680737716,       2.590833784
          0,           0,         375,       -3.04749846,     -0.3343572113,     -0.5876222605,       2.571196419
          0,           0,         376,      -3.067072156,     -0.3542594218,     -0.6073954499,       2.551345815
          0,           0,         377,      -3.086874445,     -0.3743628603,     -0.6273911466,       2.531284722
          0,           0,         378,      -3.106902795,     -0.3946640475,     -0.6476068075,       2.511016357
          0,           0,         379,      -3.127154243,     -0.4151590256,     -0.6680395453,       2.490544396
          0,           0,         380,      -3.147625404,     -0.4358433633,     -0.6886861347,       2.469872969
          0,           0,         381,      -3.168312481,     -0.4567121648,     -0.7095430187,       2.449006649
          0,           0,         382,      -3.189211279,     -0.4777600794,     -0.7306063148,       2.427950437
          0,           0,         383,      -3.210317224,     -0.4989813147,     -0.7518718207,       2.406709754
          0,           0,         384,      -3.231625381,     -0.5203696498,     -0.7733350192,       2.385290419
          0,           0,         385,      -3.253130466,     -0.5419184501,     -0.7949910815,       2.363698639
          0,           0,         386,      -3.274826871,     -0.5636206812,      -0.816834869,       2.341940986
          0,           0,         387,      -3.296708676,     -0.5854689218,     -0.8388609317,       2.320024389
          0,           0,         388,      -3.318769667,     -0.6074553745,     -0.8610635048,       2.297956118
          0,           0,         389,      -3.341003346,     -0.6295718735,     -0.8834365003,       2.275743775
          0,           0,         390,      -3.363402936,     -0.6518098883,     -0.9059734963,       2.253395291
          0,           0,         391,      -3.385961388,     -0.6741605223,     -0.9286677196,       2.230918926
          0,           0,         392,      -3.408671375,      -0.696614506,     -0.9515120253,       2.208323274
          0,           0,         393,      -3.431525281,     -0.7191621834,     -0.9744988697,       2.185617279
          0,           0,         394,      -3.454515184,     -0.7417934922,     -0.9976202779,       2.162810253
          0,           0,         395,      -3.477632828,     -0.7644979369,      -1.020867806,       2.139911907
          0,           0,         396,      -3.500869589,     -0.7872645557,      -1.044232496,       2.116932388
          0,           0,         397,      -3.524216432,     -0.8100818807,      -1.067704829,       2.093882319
          0,           0,         398,      -3.547663858,     -0.8329378937,      -1.091274665,       2.070772856
          0,           0,         399,      -3.571201843,     -0.8558199778,       -1.11493119,       2.047615738
          0,           0,         400,      -3.594819768,     -0.8787148673,      -1.138662845,       2.024423353
          0,           0,         401,      -3.618506351,     -0.9016085977,      -1.162457266,       2.001208801
          0,           0,         402,       -3.64224956,     -0.9244864585,      -1.186301207,       1.977985956
          0,           0,         403,      -3.666036535,     -0.9473329518,      -1.210180482,        1.95476953
          0,           0,         404,      -3.689853501,     -0.9701317602,      -1.234079887,       1.931575126
          0,           0,         405,      -3.713685686,     -0.9928657273,      -1.257983148,        1.90841929
          0,           0,         406,      -3.737517243,      -1.015516854,       -1.28187286,       1.885319545
          0,           0,         407,      -3.761331179,      -1.038066316,      -1.305730442,       1.862294407
          0,           0,         408,      -3.785109292,      -1.060494503,       -1.32953611,       1.839363386
          0,           0,         409,      -3.808832128,      -1.082781087,      -1.353268863,       1.816546959
          0,           0,         410,      -3.832478956,      -1.104905121,      -1.376906488,       1.793866514
          0,           0,         411,      -3.856027764,      -1.126845164,      -1.400425601,       1.771344266
          0,           0,         412,      -3.879455288,      -1.148579446,      -1.423801708,       1.749003136
          0,           0,         413,      -3.902737069,      -1.170086062,      -1.447009307,        1.72686659
          0,           0,         414,      -3.925847553,      -1.191343196,      -1.470022024,       1.704958449
          0,           0,         415,      -3.948760227,       -1.21232938,      -1.492812797,       1.683302652
          0,           0,         416,      -3.971447805,      -1.233023765,      -1.515354092,       1.661922994
          0,           0,         417,      -3.993882452,      -1.253406424,      -1.537618169,       1.640842823
          0,           0,         418,      -4.016036063,      -1.273458648,       -1.55957739,       1.620084725
          0,           0,         419,      -4.037880579,      -1.293163258,      -1.581204557,       1.599670178
          0,           0,         420,      -4.059388347,      -1.312504893,      -1.602473288,       1.579619212
          0,           0,         421,      -4.080532514,      -1.331470287,      -1.623358413,       1.559950062
          0,           0,         422,      -4.101287441,      -1.350048505,      -1.643836378,       1.540678847
          0,           0,         423,      -4.121629132,      -1.368231147,      -1.663885653,       1.521819271
          0,           0,         424,      -4.141535666,      -1.386012496,      -1.683487117,       1.503382367
          0,           0,         425,        -4.1609876,      -1.403389606,      -1.702624417,       1.485376294
          0,           0,         426,      -4.179968353,      -1.420362338,       -1.72128428,       1.467806192
          0,           0,         427,      -4.198464527,      -1.436933325,      -1.739456758,       1.450674108
          0,           0,         428,      -4.216466174,      -1.453107883,      -1.757135411,        1.43397899
          0,           0,         429,      -4.233966981,      -1.468893857,      -1.774317406,       1.417716753
          0,           0,         430,      -4.250964375,      -1.484301428,      -1.791003528,       1.401880407
          0,           0,         431,      -4.267459529,      -1.499342871,      -1.807198112,       1.386460256
          0,           0,         432,      -4.283457292,      -1.514032286,      -1.822908895,       1.371444133
          0,           0,         433,      -4.298966025,      -1.528385304,      -1.838146792,        1.35681769
          0,           0,         434,      -4.313997364,      -1.542418791,       -1.85292561,       1.342564707
          0,           0,         435,       -4.32856592,       -1.55615055,      -1.867261722,       1.328667416
          0,           0,         436,      -4.342688935,      -1.569599029,      -1.881173699,       1.315106833
          0,           0,         437,      -4.356385897,      -1.582783059,      -1.894681933,       1.301863074
          0,           0,         438,      -4.369678149,      -1.595721601,       -1.90780825,       1.288915664
          0,           0,         439,      -4.382588488,      -1.608433537,      -1.920575536,        1.27624381
          0,           0,         440,      -4.395140784,      -1.620937483,      -1.933007385,       1.263826652
          0,           0,         441,      -4.407359623,      -1.633251642,      -1.945127779,       1.251643471
          0,           0,         442,      -4.419269974,      -1.645393681,      -1.956960795,       1.239673874
          0,           0,         443,      -4.430896904,      -1.657380648,      -1.968530363,       1.227897929
          0,           0,         444,      -4.442265329,       -1.66922891,      -1.979860057,       1.216296282
          0,           0,         445,      -4.453399809,      -1.680954125,      -1.990972932,        1.20485023
          0,           0,         446,      -4.464324378,      -1.692571226,      -2.001891392,       1.193541773
          0,           0,         447,      -4.475062419,      -1.704094431,      -2.012637105,       1.182353644
          0,           0,         448,      -4.485636566,      -1.715537262,       -2.02323094,       1.171269317
          0,           0,         449,      -4.496068641,      -1.726912578,      -2.033692935,       1.160272998
          0,           0,         450,      -4.506379613,      -1.738232616,      -2.044042287,       1.149349608
          0,           0,         451,      -4.516589575,      -1.749509032,      -2.054297362,       1.138484755
          0,           0,         452,      -4.526717743,      -1.760752949,       -2.06447572,       1.127664702
          0,           0,         453,      -4.536782464,      -1.771975006,      -2.074594143,       1.116876332
          0,           0,         454,      -4.546801233,      -1.783185399,       -2.08466868,       1.106107106
          0,           0,         455,      -4.556790722,      -1.794393929,      -2.094714691,       1.095345033
          0,           0,         456,      -4.566766803,      -1.805610037,      -2.104746888,       1.084578623
          0,           0,         457,      -4.576744591,      -1.816842844,      -2.114779387,       1.073796864
          0,           0,         458,      -4.586738471,      -1.828101185,      -2.124825745,       1.062989178
          0,           0,         459,      -4.596762141,      -1.839393634,      -2.134899002,       1.052145398
          0,           0,         460,      -4.606828645,      -1.850728532,      -2.145011714,       1.041255733
          0,           0,         461,      -4.616950413,      -1.862114012,      -2.155175987,       1.030310745
          0,           0,         462,      -4.627139297,      -1.873558013,      -2.165403493,       1.019301324
          0,           0,         463,      -4.637406605,      -1.885068301,      -2.175705497,       1.008218663
          0,           0,         464,      -4.647763135,      -1.896652478,      -2.186092866,      0.9970542427
          0,           0,         465,      -4.658219206,      -1.908317994,      -2.196576074,      0.9857998088
          0,           0,         466,      -4.668784688,      -1.920072152,      -2.207165212,      0.9744473631
          0,           0,         467,      -4.679469022,      -1.931922112,      -2.217869978,      0.9629891497
          0,           0,         468,      -4.690281247,       -1.94387489,      -2.228699677,      0.9514176491
          0,           0,         469,      -4.701230008,      -1.955937351,      -2.239663204,      0.9397255751
          0,           0,         470,      -4.712323573,      -1.968116202,      -2.250769036,      0.9279058767
          0,           0,         471,      -4.723569832,      -1.980417978,      -2.262025214,      0.9159517442
          0,           0,         472,      -4.734976302,      -1.992849022,      -2.273439322,      0.9038566212
          0,           0,         473,      -4.746550112,      -2.005415466,      -2.285018472,      0.8916142206
          0,           0,         474,         -4.758298,      -2.018123199,       -2.29676928,      0.8792185461
          0,           0,         475,      -4.770226285,      -2.030977839,      -2.308697846,      0.8666639175
          0,           0,         476,      -4.782340852,        -2.0439847,      -2.320809734,      0.8539450021
          0,           0,         477,       -4.79464712,       -2.05714875,       -2.33310995,      0.8410568454
          0,           0,         478,      -4.807150016,      -2.070474577,      -2.345602928,      0.8279949081
          0,           0,         479,      -4.819853937,      -2.083966344,      -2.358292508,      0.8147551037
          0,           0,         480,      -4.832762725,      -2.097627752,       -2.37118193,      0.8013338346
          0,           0,         481,      -4.845879626,      -2.111461999,      -2.384273815,      0.7877280301
          0,           0,         482,      -4.859207264,      -2.125471745,      -2.397570165,      0.7739351805
          0,           0,         483,       -4.87274761,      -2.139659078,      -2.411072354,      0.7599533691
          0,           0,         484,      -4.886501959,      -2.154025483,      -2.424781132,      0.7457812991
          0,           0,         485,       -4.90047091,      -2.168571823,      -2.438696628,      0.7314183162
          0,           0,         486,      -4.914654354,       -2.18329832,       -2.45281836,      0.7168644223
          0,           0,         487,      -4.929051466,      -2.198204549,      -2.467145251,      0.7021202838
          0,           0,         488,      -4.943660709,      -2.213289436,      -2.481675644,      0.6871872311
          0,           0,         489,      -4.958479847,      -2.228551269,      -2.496407329,      0.6720672493
          0,           0,         490,      -4.973505958,      -2.243987713,      -2.511337568,      0.6567629601
          0,           0,         491,      -4.988735468,      -2.259595838,      -2.526463129,       0.641277594
          0,           0,         492,      -5.004164182,      -2.275372158,      -2.541780321,       0.625614955
          0,           0,         493,      -5.019787334,      -2.291312668,      -2.557285032,      0.6097793753
          0,           0,         494,      -5.035599639,      -2.307412905,      -2.572972773,      0.5937756629
          0,           0,         495,      -5.051595346,      -2.323667997,      -2.588838722,      0.5776090444
          0,           0,         496,      -5.067768312,      -2.340072736,      -2.604877767,      0.5612850978
          0,           0,         497,       -5.08411206,      -2.356621636,      -2.621084554,      0.5448096876
          0,           0,         498,      -5.100619861,      -2.373309012,      -2.637453533,      0.5281888899
          0,           0,         499,      -5.117284796,      -2.390129046,      -2.653979004,      0.5114289245
          0,           0,         500,      -5.134099835,      -2.407075855,      -2.670655157,      0.4945360822
          0,           0,         501,      -5.151057902,      -2.424143562,      -2.687476114,      0.4775166579
          0,           0,         502,      -5.168151941,      -2.441326354,      -2.704435965,      0.4603768877
          0,           0,         503,      -5.185374974,      -2.458618538,      -2.721528802,      0.4431228927
          0,           0,         504,      -5.202720152,      -2.476014589,      -2.738748746,      0.4257606289
          0,           0,         505,      -5.220180799,      -2.493509185,      -2.756089968,      0.4082958496
          0,           0,         506,      -5.237750445,       -2.51109724,      -2.773546707,      0.3907340747
          0,           0,         507,       -5.25542285,      -2.528773918,      -2.791113283,      0.3730805699
          0,           0,         508,      -5.273192014,      -2.546534641,      -2.808784099,      0.3553403399
          0,           0,         509,      -5.291052185,      -2.564375088,      -2.826553647,      0.3375181292
          0,           0,         510,      -5.308997847,       -2.58229118,      -2.844416496,      0.3196184332
          0,           0,         511,      -5.327023709,      -2.600279058,      -2.862367293,      0.3016455212
          0,           0,         512,      -5.345124677,      -2.618335056,      -2.880400741,      0.2836034596
          0,           0,         513,      -5.363295831,      -2.636455666,      -2.898511594,      0.2654961492
          0,           0,         514,      -5.381532382,      -2.654637496,      -2.916694633,       0.247327362
          0,           0,         515,      -5.399829647,      -2.672877234,      -2.934944655,      0.2291007832
          0,           0,         516,         -5.418183,      -2.691171603,      -2.953256457,      0.2108200511
          0,           0,         517,      -5.436587847,      -2.709517319,       -2.97162482,      0.1924887965
          0,           0,         518,      -5.455039584,      -2.727911059,      -2.990044496,      0.1741106779
          0,           0,         519,      -5.473533573,      -2.746349428,       -3.00851021,      0.1556894149
          0,           0,         520,      -5.492065123,      -2.764828935,      -3.027016648,      0.1372288113
          0,           0,         521,       -5.51062947,      -2.783345969,      -3.045558466,      0.1187327681
          0,           0,         522,      -5.529221773,      -2.801896797,      -3.064130297,      0.1002052998
          0,           0,         523,      -5.547837122,      -2.820477564,       -3.08272677,     0.08165052601
          0,           0,         524,      -5.566470545,      -2.839084302,      -3.101342532,     0.06307266212
          0,           0,         525,      -5.585117038,      -2.857712949,      -3.119972275,     0.04447599357
          0,           0,         526,       -5.60377159,      -2.876359374,       -3.13861077,     0.02586485771
          0,           0,         527,      -5.622429226,      -2.895019414,      -3.157252916,     0.00724359888
          0,           0,         528,      -5.641085059,      -2.913688929,      -3.175893784,    -0.01138348238
          0,           0,         529,      -5.659734341,      -2.932363841,      -3.194528659,    -0.03001217937
          0,           0,         530,      -5.678372523,       -2.95104019,      -3.213153108,    -0.04863842764
          0,           0,         531,      -5.696995322,        -2.9697142,      -3.231763017,    -0.06725838011
          0,           0,         532,      -5.715598776,       -2.98838233,      -3.250354666,    -0.08586845616
          0,           0,         533,      -5.734179319,      -3.007041346,       -3.26892477,     -0.1044654119
          0,           0,         534,      -5.752733839,      -3.025688371,      -3.287470533,     -0.1230463948
          0,           0,         535,       -5.77125973,      -3.044320945,      -3.305989697,     -0.1416090064
          0,           0,         536,      -5.789754953,      -3.062937079,      -3.324480584,     -0.1601513473
          0,           0,         537,      -5.808218076,      -3.081535289,      -3.342942127,     -0.1786720652
          0,           0,         538,      -5.826648311,      -3.100114645,      -3.361373898,     -0.1971703856
          0,           0,         539,      -5.845045544,      -3.118674797,       -3.37977613,     -0.2156461517
          0,           0,         540,       -5.86341035,      -3.137215993,      -3.398149723,     -0.2340998271
          0,           0,         541,      -5.881743999,      -3.155739084,      -3.416496248,     -0.2525325039
          0,           0,         542,      -5.900048453,      -3.174245538,      -3.434817923,     -0.2709459158
          0,           0,         543,      -5.918326353,      -3.192737417,      -3.453117609,     -0.2893424124
          0,           0,         544,       -5.93658099,      -3.211217369,      -3.471398764,     -0.3077249425
          0,           0,         545,      -5.954816276,      -3.229688585,      -3.489665422,     -0.3260970145
          0,           0,         546,      -5.973036699,      -3.248154789,      -3.507922138,     -0.3444626632
          0,           0,         547,      -5.991247273,      -3.266620158,       -3.52617394,     -0.3628264036
          0,           0,         548,      -6.009453481,      -3.285089301,      -3.544426261,     -0.3811931655
          0,           0,         549,      -6.027661219,      -3.303567204,      -3.562684881,     -0.3995682586
          0,           0,         550,      -6.045876721,      -3.322059144,      -3.580955869,     -0.4179572917
          0,           0,         551,      -6.064106506,      -3.340570666,      -3.599245504,     -0.4363661139
          0,           0,         552,      -6.082357293,      -3.359107485,      -3.617560211,     -0.4548007462
          0,           0,         553,      -6.100635941,      -3.377675434,      -3.635906496,     -0.4732673172
          0,           0,         554,      -6.118949379,      -3.396280417,      -3.654290869,     -0.4917720064
          0,           0,         555,      -6.137304538,      -3.414928307,       -3.67271978,     -0.5103209517
          0,           0,         556,      -6.155708279,      -3.433624918,      -3.691199556,      -0.528920216
          0,           0,         557,      -6.174167342,      -3.452375935,      -3.709736359,     -0.5475757129
          0,           0,         558,      -6.192688278,      -3.471186869,      -3.728336093,     -0.5662931662
          0,           0,         559,      -6.211277387,      -3.490062962,      -3.747004379,     -0.5850780262
          0,           0,         560,      -6.229940676,      -3.509009194,      -3.765746507,     -0.6039354487
          0,           0,         561,      -6.248683803,      -3.528030197,       -3.78456738,      -0.622870214
          0,           0,         562,      -6.267512033,      -3.547130222,      -3.803471481,     -0.6418867327
          0,           0,         563,      -6.286430184,      -3.566313113,      -3.822462833,     -0.6609889698
          0,           0,         564,      -6.305442608,      -3.585582237,      -3.841544997,     -0.6801804108
          0,           0,         565,      -6.324553146,      -3.604940515,      -3.860721008,     -0.6994640499
          0,           0,         566,      -6.343765094,      -3.624390339,       -3.87999339,     -0.7188423715
          0,           0,         567,      -6.363081197,      -3.643933587,      -3.899364115,      -0.738317297
          0,           0,         568,      -6.382503588,      -3.663571586,      -3.918834626,      -0.757890204
          0,           0,         569,      -6.402033816,      -3.683305085,      -3.938405806,     -0.7775618672
          0,           0,         570,      -6.421672789,      -3.703134282,      -3.958077997,     -0.7973324854
          0,           0,         571,      -6.441420821,      -3.723058819,      -3.977850986,     -0.8172016829
          0,           0,         572,       -6.46127758,      -3.743077781,      -3.997724031,     -0.8371685388
          0,           0,         573,      -6.481242114,      -3.763189678,      -4.017695887,     -0.8572315094
          0,           0,         574,      -6.501312878,      -3.783392516,      -4.037764812,     -0.8773885492
          0,           0,         575,      -6.521487719,      -3.803683757,      -4.057928604,     -0.8976370318
          0,           0,         576,      -6.541763929,      -3.824060444,      -4.078184611,     -0.9179739166
          0,           0,         577,      -6.562138258,      -3.844519123,      -4.098529804,     -0.9383956512
          0,           0,         578,      -6.582606957,      -3.865055954,      -4.118960778,     -0.9588982634
          0,           0,         579,      -6.603165857,      -3.885666791,      -4.139473823,     -0.9794774693
          0,           0,         580,      -6.623810352,      -3.906347162,      -4.160064945,      -1.000128677
          0,           0,         581,      -6.644535517,      -3.927092406,      -4.180729942,      -1.020847041
          0,           0,         582,      -6.665336157,      -3.947897705,       -4.20146445,      -1.041627574
          0,           0,         583,      -6.686206843,      -3.968758071,      -4.222263961,      -1.062465155
          0,           0,         584,      -6.707142022,      -3.989668579,      -4.243123905,      -1.083354626
          0,           0,         585,      -6.728136059,      -4.010624321,      -4.264039742,      -1.104290906
          0,           0,         586,      -6.749183346,      -4.031620531,      -4.285006904,      -1.125269017
          0,           0,         587,      -6.770278341,      -4.052652634,      -4.306020977,      -1.146284214
          0,           0,         588,      -6.791415619,      -4.073716293,      -4.327077634,      -1.167331903
          0,           0,         589,      -6.812589961,      -4.094807439,      -4.348172698,      -1.188407858
          0,           0,         590,      -6.833796405,      -4.115922394,       -4.36930222,      -1.209508169
          0,           0,         591,      -6.855030289,       -4.13705783,      -4.390462459,      -1.230629296
          0,           0,         592,      -6.876287283,      -4.158210867,      -4.411649926,      -1.251768181
          0,           0,         593,      -6.897563387,      -4.179378987,      -4.432861387,      -1.272922086
          0,           0,         594,      -6.918855032,      -4.200560163,      -4.454093879,      -1.294088777
          0,           0,         595,       -6.94015893,      -4.221752622,      -4.475344718,      -1.315266329
          0,           0,         596,      -6.961472265,      -4.242955132,      -4.496611488,      -1.336453341
          0,           0,         597,      -6.982792523,      -4.264166751,      -4.517892002,      -1.357648666
          0,           0,         598,      -7.004117474,      -4.285386728,       -4.53918437,      -1.378851463
